SET NAMES utf8mb4;
INSERT INTO toeic_tests (id, name, description, created_at, updated_at) VALUES (1, 'Practice Set 2021 TOEIC Test 1', NULL, '2025-05-20 21:47:03', '2025-05-20 21:47:03');
INSERT INTO question_groups (id, part, group_index, transcript, passage, toeic_test_id, created_at, updated_at) VALUES (1, 'part1', 0, '(A) She’s wearing a hat.(B) She’s holding a coffee mug.(C) She’s washing her hands.(D) She’s putting up a sign.', NULL, 1, '2025-05-20 21:47:03', '2025-05-20 21:47:03');
INSERT INTO question_medias (file_url, file_public_id, file_type, `order`, question_group_id, created_at, updated_at) VALUES ('https://s4-media1.study4.com/media/t24_media/sound/1619407464_1619417704.mp3', NULL, 'audio', NULL, 1, '2025-05-20 21:47:03', '2025-05-20 21:47:03');
INSERT INTO question_medias (file_url, file_public_id, file_type, `order`, question_group_id, created_at, updated_at) VALUES ('https://s4-media1.study4.com/media/t24_media/img/resized_1619417704.jpg', NULL, 'image', 0, 1, '2025-05-20 21:47:03', '2025-05-20 21:47:03');
INSERT INTO questions (question, question_number, explanation, A, B, C, D, correct_answer, question_group_id, created_at, updated_at) VALUES ('', 1, '<p><b>Dịch đáp án:</b></p><p><span>A. Cô ấy đang đội một chiếc mũ. </span></p><p><span>B. Cô ấy đang cầm một cốc cà phê. </span></p><p><span>C. Cô ấy đang rửa tay. </span></p><p><span>D. Cô ấy đang treo một tấm biển.</span></p>', 'A.', 'B.', 'C.', 'D.', 'C', 1, '2025-05-20 21:47:03', '2025-05-20 21:47:03');
INSERT INTO question_groups (id, part, group_index, transcript, passage, toeic_test_id, created_at, updated_at) VALUES (2, 'part1', 1, '(A) The men are fixing a bicycle.(B) The men are painting a fence.(C) One of the men is carrying a toolbox.(D) One of the men is cutting some wood.', NULL, 1, '2025-05-20 21:47:03', '2025-05-20 21:47:03');
INSERT INTO question_medias (file_url, file_public_id, file_type, `order`, question_group_id, created_at, updated_at) VALUES ('https://s4-media1.study4.com/media/t24_media/sound/1619407464_1619418257.mp3', NULL, 'audio', NULL, 2, '2025-05-20 21:47:03', '2025-05-20 21:47:03');
INSERT INTO question_medias (file_url, file_public_id, file_type, `order`, question_group_id, created_at, updated_at) VALUES ('https://s4-media1.study4.com/media/t24_media/img/resized_1619418257.PNG', NULL, 'image', 0, 2, '2025-05-20 21:47:03', '2025-05-20 21:47:03');
INSERT INTO questions (question, question_number, explanation, A, B, C, D, correct_answer, question_group_id, created_at, updated_at) VALUES ('', 2, '<p><b>Dịch đáp án:</b></p><p><span>A. Những người đàn ông đang sửa một chiếc xe đạp. </span></p><p><span>B. Những người đàn ông đang sơn hàng rào. </span></p><p><span>C. Một trong những người đàn ông đang mang hộp dụng cụ. </span></p><p><span>D. Một trong những người đàn ông đang cắt gỗ.</span></p>', 'A.', 'B.', 'C.', 'D.', 'A', 2, '2025-05-20 21:47:03', '2025-05-20 21:47:03');
INSERT INTO question_groups (id, part, group_index, transcript, passage, toeic_test_id, created_at, updated_at) VALUES (3, 'part1', 2, '(A) One of the women is typing on a computer.(B) One of the women is lifting a cup.(C) They’re arranging some chairs.(D) They''re looking at a document.', NULL, 1, '2025-05-20 21:47:03', '2025-05-20 21:47:03');
INSERT INTO question_medias (file_url, file_public_id, file_type, `order`, question_group_id, created_at, updated_at) VALUES ('https://s4-media1.study4.com/media/t24_media/sound/1619407464_1619418420.mp3', NULL, 'audio', NULL, 3, '2025-05-20 21:47:03', '2025-05-20 21:47:03');
INSERT INTO question_medias (file_url, file_public_id, file_type, `order`, question_group_id, created_at, updated_at) VALUES ('https://s4-media1.study4.com/media/t24_media/img/resized_1619418420.PNG', NULL, 'image', 0, 3, '2025-05-20 21:47:03', '2025-05-20 21:47:03');
INSERT INTO questions (question, question_number, explanation, A, B, C, D, correct_answer, question_group_id, created_at, updated_at) VALUES ('', 3, '<p><b>Dịch đáp án:</b></p><p><span>A. Một trong những người phụ nữ đang gõ trên máy tính. </span></p><p><span>B. Một trong những người phụ nữ đang nâng một cái cốc. </span></p><p><span>C. Họ đang sắp xếp một số chiếc ghế.</span></p><p><span>D. Họ đang xem một tài liệu.</span></p>', 'A.', 'B.', 'C.', 'D.', 'D', 3, '2025-05-20 21:47:03', '2025-05-20 21:47:03');
INSERT INTO question_groups (id, part, group_index, transcript, passage, toeic_test_id, created_at, updated_at) VALUES (4, 'part1', 3, '(A) Light bulbs are being replaced in streetlamps.(B) Trees are lining a walkway.(C) Some bricks are stacked in a pile.(D) People are watching an outdoor performance.', NULL, 1, '2025-05-20 21:47:03', '2025-05-20 21:47:03');
INSERT INTO question_medias (file_url, file_public_id, file_type, `order`, question_group_id, created_at, updated_at) VALUES ('https://s4-media1.study4.com/media/t24_media/sound/1619407464_1619418568.mp3', NULL, 'audio', NULL, 4, '2025-05-20 21:47:03', '2025-05-20 21:47:03');
INSERT INTO question_medias (file_url, file_public_id, file_type, `order`, question_group_id, created_at, updated_at) VALUES ('https://s4-media1.study4.com/media/t24_media/img/resized_1619418568.PNG', NULL, 'image', 0, 4, '2025-05-20 21:47:03', '2025-05-20 21:47:03');
INSERT INTO questions (question, question_number, explanation, A, B, C, D, correct_answer, question_group_id, created_at, updated_at) VALUES ('', 4, '<p><b>Dịch đáp án:</b></p><p><span>A. Bóng đèn đang được thay thế trong đèn đường. </span></p><p><span>B. Cây cối dọc lối đi. </span></p><p><span>C. Một số viên gạch được xếp thành một đống. </span></p><p><span>D. Mọi người đang xem một buổi biểu diễn ngoài trời.</span></p>', 'A.', 'B.', 'C.', 'D.', 'B', 4, '2025-05-20 21:47:03', '2025-05-20 21:47:03');
INSERT INTO question_groups (id, part, group_index, transcript, passage, toeic_test_id, created_at, updated_at) VALUES (5, 'part1', 4, '(A) The man is taking a lab coat from a hook.(B) A customer is paying for some items.(C) Merchandise is being displayed in a case.(D) A glass counter is being wiped off.', NULL, 1, '2025-05-20 21:47:03', '2025-05-20 21:47:03');
INSERT INTO question_medias (file_url, file_public_id, file_type, `order`, question_group_id, created_at, updated_at) VALUES ('https://s4-media1.study4.com/media/t24_media/sound/1619407464_1619418645.mp3', NULL, 'audio', NULL, 5, '2025-05-20 21:47:03', '2025-05-20 21:47:03');
INSERT INTO question_medias (file_url, file_public_id, file_type, `order`, question_group_id, created_at, updated_at) VALUES ('https://s4-media1.study4.com/media/t24_media/img/resized_1619418645.PNG', NULL, 'image', 0, 5, '2025-05-20 21:47:03', '2025-05-20 21:47:03');
INSERT INTO questions (question, question_number, explanation, A, B, C, D, correct_answer, question_group_id, created_at, updated_at) VALUES ('', 5, '<p><b>Dịch đáp án:</b></p><p><span>A. Người đàn ông đang lấy một chiếc áo khoác phòng thí nghiệm từ một cái móc. </span></p><p><span>B. Một khách hàng đang trả tiền cho một số mặt hàng. </span></p><p><span>C. Hàng hóa đang được trưng bày trong một chiếc hộp. </span></p><p><span>D. Một quầy kính đang được lau chùi.</span></p>', 'A.', 'B.', 'C.', 'D.', 'C', 5, '2025-05-20 21:47:03', '2025-05-20 21:47:03');
INSERT INTO question_groups (id, part, group_index, transcript, passage, toeic_test_id, created_at, updated_at) VALUES (6, 'part1', 5, '(A) A rug is being unrolled.(B) A potted plant has been placed on top of a shelf.(C) Bulletin boards have been mounted to the wall.(D) Some tiles have been removed from the floor.', NULL, 1, '2025-05-20 21:47:03', '2025-05-20 21:47:03');
INSERT INTO question_medias (file_url, file_public_id, file_type, `order`, question_group_id, created_at, updated_at) VALUES ('https://s4-media1.study4.com/media/t24_media/sound/1619407464_1619418734.mp3', NULL, 'audio', NULL, 6, '2025-05-20 21:47:03', '2025-05-20 21:47:03');
INSERT INTO question_medias (file_url, file_public_id, file_type, `order`, question_group_id, created_at, updated_at) VALUES ('https://s4-media1.study4.com/media/t24_media/img/resized_1619418734.PNG', NULL, 'image', 0, 6, '2025-05-20 21:47:03', '2025-05-20 21:47:03');
INSERT INTO questions (question, question_number, explanation, A, B, C, D, correct_answer, question_group_id, created_at, updated_at) VALUES ('', 6, '<p><b>Dịch đáp án:</b></p><p><span>A. Một tấm thảm đang được trải ra. </span></p><p><span>B. Một chậu cây đã được đặt trên nóc kệ. </span></p><p><span>C. Các bảng thông báo đã được gắn vào tường. </span></p><p><span>D. Một số viên gạch đã được gỡ bỏ khỏi sàn nhà.</span></p>', 'A.', 'B.', 'C.', 'D.', 'C', 6, '2025-05-20 21:47:03', '2025-05-20 21:47:03');
INSERT INTO question_groups (id, part, group_index, transcript, passage, toeic_test_id, created_at, updated_at) VALUES (7, 'part2', 6, 'What color should we paint the waiting room?(A) Let''s paint it blue.(B) Tomorrow should work.(C) Yes, I filled the prescription.', NULL, 1, '2025-05-20 21:47:03', '2025-05-20 21:47:03');
INSERT INTO question_medias (file_url, file_public_id, file_type, `order`, question_group_id, created_at, updated_at) VALUES ('https://s4-media1.study4.com/media/t24_media/sound/1619407464_1619421014.mp3', NULL, 'audio', NULL, 7, '2025-05-20 21:47:03', '2025-05-20 21:47:03');
INSERT INTO questions (question, question_number, explanation, A, B, C, D, correct_answer, question_group_id, created_at, updated_at) VALUES ('', 7, '<p><b>Dịch đáp án:</b></p><p><span>Chúng ta nên sơn phòng chờ màu gì? </span></p><p><span>A. Hãy sơn nó màu xanh lam. </span></p><p><span>B. Ngày mai sẽ ổn. </span></p><p><span>C. Vâng, tôi đã điền đơn thuốc.</span></p>', 'A.', 'B.', 'C.', NULL, 'A', 7, '2025-05-20 21:47:03', '2025-05-20 21:47:03');
INSERT INTO question_groups (id, part, group_index, transcript, passage, toeic_test_id, created_at, updated_at) VALUES (8, 'part2', 7, 'Who has the attendance sheet?(A) Mr. Bora does.(B) I was just there yesterday.(C) Our most recent event.', NULL, 1, '2025-05-20 21:47:03', '2025-05-20 21:47:03');
INSERT INTO question_medias (file_url, file_public_id, file_type, `order`, question_group_id, created_at, updated_at) VALUES ('https://s4-media1.study4.com/media/t24_media/sound/1619407464_1619421086.mp3', NULL, 'audio', NULL, 8, '2025-05-20 21:47:03', '2025-05-20 21:47:03');
INSERT INTO questions (question, question_number, explanation, A, B, C, D, correct_answer, question_group_id, created_at, updated_at) VALUES ('', 8, '<p><b>Dịch đáp án:</b></p><p><span>Ai có bảng điểm danh? </span></p><p><span>A. Ông Bora có. </span></p><p><span>B. Tôi mới đến đó ngày hôm qua. </span></p><p><span>C. Sự kiện gần đây nhất của chúng tôi.</span></p>', 'A.', 'B.', 'C.', NULL, 'A', 8, '2025-05-20 21:47:03', '2025-05-20 21:47:03');
INSERT INTO question_groups (id, part, group_index, transcript, passage, toeic_test_id, created_at, updated_at) VALUES (9, 'part2', 8, 'The last train to Melbourne hasn''t departed yet, has it?(A) Yes, it just left.(B) No, it shouldn''t rain.(C) Only ten dollars.', NULL, 1, '2025-05-20 21:47:03', '2025-05-20 21:47:03');
INSERT INTO question_medias (file_url, file_public_id, file_type, `order`, question_group_id, created_at, updated_at) VALUES ('https://s4-media1.study4.com/media/t24_media/sound/1619407464_1619421170.mp3', NULL, 'audio', NULL, 9, '2025-05-20 21:47:03', '2025-05-20 21:47:03');
INSERT INTO questions (question, question_number, explanation, A, B, C, D, correct_answer, question_group_id, created_at, updated_at) VALUES ('', 9, '<p><b>Dịch đáp án:</b></p><p><span>Chuyến tàu cuối cùng đến Melbourne vẫn chưa khởi hành, phải không? </span></p><p><span>A. Vâng, nó vừa khởi hành. </span></p><p><span>B. Không, trời chắc không mưa. </span></p><p><span>C. Chỉ có 10 đô la thôi.</span></p>', 'A.', 'B.', 'C.', NULL, 'A', 9, '2025-05-20 21:47:03', '2025-05-20 21:47:03');
INSERT INTO question_groups (id, part, group_index, transcript, passage, toeic_test_id, created_at, updated_at) VALUES (10, 'part2', 9, 'How do I get the drawer of the cash register to open?(A) A department store sale.(B) The key is right here.(C) Yes, I already signed up.', NULL, 1, '2025-05-20 21:47:03', '2025-05-20 21:47:03');
INSERT INTO question_medias (file_url, file_public_id, file_type, `order`, question_group_id, created_at, updated_at) VALUES ('https://s4-media1.study4.com/media/tez_media/sound/ets21_test1/10.mp3', NULL, 'audio', NULL, 10, '2025-05-20 21:47:03', '2025-05-20 21:47:03');
INSERT INTO questions (question, question_number, explanation, A, B, C, D, correct_answer, question_group_id, created_at, updated_at) VALUES ('', 10, '<p><b>Dịch đáp án:</b></p><p><span>Làm cách nào để mở ngăn kéo của máy tính tiền? </span></p><p><span>A. Một đợt giảm giá ở cửa hàng bách hóa. </span></p><p><span>B. Chìa khóa ở ngay đây. </span></p><p><span>C. Vâng, tôi đã đăng ký rồi.</span></p>', 'A.', 'B.', 'C.', NULL, 'B', 10, '2025-05-20 21:47:03', '2025-05-20 21:47:03');
INSERT INTO question_groups (id, part, group_index, transcript, passage, toeic_test_id, created_at, updated_at) VALUES (11, 'part2', 10, 'Haven''t you put in a lot of overtime lately?(A) Yes, I have a lot to do.(B) It''s three-thirty.(C) I brought my lunch today.', NULL, 1, '2025-05-20 21:47:03', '2025-05-20 21:47:03');
INSERT INTO question_medias (file_url, file_public_id, file_type, `order`, question_group_id, created_at, updated_at) VALUES ('https://s4-media1.study4.com/media/tez_media/sound/ets21_test1/11.mp3', NULL, 'audio', NULL, 11, '2025-05-20 21:47:03', '2025-05-20 21:47:03');
INSERT INTO questions (question, question_number, explanation, A, B, C, D, correct_answer, question_group_id, created_at, updated_at) VALUES ('', 11, '<p><b>Dịch đáp án:</b></p><p><span>Gần đây bạn không phải làm thêm giờ nhiều sao? </span></p><p><span>A. Vâng, tôi có rất nhiều việc phải làm. </span></p><p><span>B. Bây giờ là ba giờ rưỡi. </span></p><p><span>C. Hôm nay tôi mang bữa trưa đến.</span></p>', 'A.', 'B.', 'C.', NULL, 'A', 11, '2025-05-20 21:47:03', '2025-05-20 21:47:03');
INSERT INTO question_groups (id, part, group_index, transcript, passage, toeic_test_id, created_at, updated_at) VALUES (12, 'part2', 11, 'Where did you work before this?(A) At a law firm.(B) He''s my supervisor.(C) An old résumé.', NULL, 1, '2025-05-20 21:47:03', '2025-05-20 21:47:03');
INSERT INTO question_medias (file_url, file_public_id, file_type, `order`, question_group_id, created_at, updated_at) VALUES ('https://s4-media1.study4.com/media/tez_media/sound/ets21_test1/12.mp3', NULL, 'audio', NULL, 12, '2025-05-20 21:47:03', '2025-05-20 21:47:03');
INSERT INTO questions (question, question_number, explanation, A, B, C, D, correct_answer, question_group_id, created_at, updated_at) VALUES ('', 12, '<p><b>Dịch đáp án:</b></p><p><span>Trước đây bạn đã làm việc ở đâu? </span></p><p><span>A. Tại một công ty luật. </span></p><p><span>B. Anh ấy là người giám sát của tôi. </span></p><p><span>C. Một bản lý lịch cũ.</span></p>', 'A.', 'B.', 'C.', NULL, 'A', 12, '2025-05-20 21:47:03', '2025-05-20 21:47:03');
INSERT INTO question_groups (id, part, group_index, transcript, passage, toeic_test_id, created_at, updated_at) VALUES (13, 'part2', 12, 'Could you help me interview some job candidates?(A) The conference room.(B) Thanks for the recommendation.(C) I can, starting Wednesday.', NULL, 1, '2025-05-20 21:47:03', '2025-05-20 21:47:03');
INSERT INTO question_medias (file_url, file_public_id, file_type, `order`, question_group_id, created_at, updated_at) VALUES ('https://s4-media1.study4.com/media/tez_media/sound/ets21_test1/13.mp3', NULL, 'audio', NULL, 13, '2025-05-20 21:47:03', '2025-05-20 21:47:03');
INSERT INTO questions (question, question_number, explanation, A, B, C, D, correct_answer, question_group_id, created_at, updated_at) VALUES ('', 13, '<p><b>Dịch đáp án:</b></p><p><span>Bạn có thể giúp tôi phỏng vấn một số ứng viên xin việc được không? </span></p><p><span>A. Phòng họp. </span></p><p><span>B. Cảm ơn bạn đã giới thiệu. </span></p><p><span>C. Tôi có thể, bắt đầu từ thứ Tư.</span></p>', 'A.', 'B.', 'C.', NULL, 'C', 13, '2025-05-20 21:47:03', '2025-05-20 21:47:03');
INSERT INTO question_groups (id, part, group_index, transcript, passage, toeic_test_id, created_at, updated_at) VALUES (14, 'part2', 13, 'When is Mariko’s trip to Moscow?(A) A round-trip ticket.(B) The second week in July.(C) Yes, for a summer vacation.', NULL, 1, '2025-05-20 21:47:03', '2025-05-20 21:47:03');
INSERT INTO question_medias (file_url, file_public_id, file_type, `order`, question_group_id, created_at, updated_at) VALUES ('https://s4-media1.study4.com/media/tez_media/sound/ets21_test1/14.mp3', NULL, 'audio', NULL, 14, '2025-05-20 21:47:03', '2025-05-20 21:47:03');
INSERT INTO questions (question, question_number, explanation, A, B, C, D, correct_answer, question_group_id, created_at, updated_at) VALUES ('', 14, '<p><b>Dịch đáp án:</b></p><p><span>Khi nào thì chuyến đi của Mariko tới Moscow?</span></p><p><span>A. Một vé khứ hồi.</span></p><p><span>B. Tuần thứ hai trong tháng 7.</span></p><p><span>C. Vâng, cho kỳ nghỉ hè.</span></p>', 'A.', 'B.', 'C.', NULL, 'B', 14, '2025-05-20 21:47:03', '2025-05-20 21:47:03');
INSERT INTO question_groups (id, part, group_index, transcript, passage, toeic_test_id, created_at, updated_at) VALUES (15, 'part2', 14, 'Please deliver these account files to Mr. Zhang.(A) A new senior account manager.(B) Sure, I''ll drop them off now.(C) A signed contract.', NULL, 1, '2025-05-20 21:47:03', '2025-05-20 21:47:03');
INSERT INTO question_medias (file_url, file_public_id, file_type, `order`, question_group_id, created_at, updated_at) VALUES ('https://s4-media1.study4.com/media/tez_media/sound/ets21_test1/15.mp3', NULL, 'audio', NULL, 15, '2025-05-20 21:47:03', '2025-05-20 21:47:03');
INSERT INTO questions (question, question_number, explanation, A, B, C, D, correct_answer, question_group_id, created_at, updated_at) VALUES ('', 15, '<p><b>Dịch đáp án:</b></p><p><span>Vui lòng giao những tập tin tài khoản này cho ông Zhang.</span></p><p><span>A. Một người quản lý tài khoản cấp cao mới. </span></p><p><span>B. Chắc chắn rồi, tôi sẽ chuyển chúng ngay bây giờ.</span></p><p><span>C. Một hợp đồng đã ký.</span></p>', 'A.', 'B.', 'C.', NULL, 'B', 15, '2025-05-20 21:47:03', '2025-05-20 21:47:03');
INSERT INTO question_groups (id, part, group_index, transcript, passage, toeic_test_id, created_at, updated_at) VALUES (16, 'part2', 15, 'Why is the parking garage closed?(A) Because it''s being repaired.(B) To the south entrance.(C) Monday through Friday.', NULL, 1, '2025-05-20 21:47:03', '2025-05-20 21:47:03');
INSERT INTO question_medias (file_url, file_public_id, file_type, `order`, question_group_id, created_at, updated_at) VALUES ('https://s4-media1.study4.com/media/tez_media/sound/ets21_test1/16.mp3', NULL, 'audio', NULL, 16, '2025-05-20 21:47:03', '2025-05-20 21:47:03');
INSERT INTO questions (question, question_number, explanation, A, B, C, D, correct_answer, question_group_id, created_at, updated_at) VALUES ('', 16, '<p><b>Dịch đáp án:</b></p><p><span>Tại sao nhà để xe đóng cửa?</span></p><p><span>A. Bởi vì nó đang được sửa chữa.</span></p><p><span>B. Ở lối vào phía nam.</span></p><p><span>C. Thứ Hai đến Thứ Sáu.</span></p>', 'A.', 'B.', 'C.', NULL, 'A', 16, '2025-05-20 21:47:03', '2025-05-20 21:47:03');
INSERT INTO question_groups (id, part, group_index, transcript, passage, toeic_test_id, created_at, updated_at) VALUES (17, 'part2', 16, 'Do you want your commercial to run at seven or eight P.M.?(A) Several actors auditioned.(B) A half-hour radio show.(C) I''d prefer eight.', NULL, 1, '2025-05-20 21:47:03', '2025-05-20 21:47:03');
INSERT INTO question_medias (file_url, file_public_id, file_type, `order`, question_group_id, created_at, updated_at) VALUES ('https://s4-media1.study4.com/media/tez_media/sound/ets21_test1/17.mp3', NULL, 'audio', NULL, 17, '2025-05-20 21:47:03', '2025-05-20 21:47:03');
INSERT INTO questions (question, question_number, explanation, A, B, C, D, correct_answer, question_group_id, created_at, updated_at) VALUES ('', 17, '<p><b>Dịch đáp án:</b></p><p><span>Bạn muốn quảng cáo của mình chạy lúc bảy hay tám giờ tối? </span></p><p><span>A. Một số diễn viên đã thử vai. </span></p><p><span>B. Một chương trình radio kéo dài nửa giờ. </span></p><p><span>C. Tôi thích tám giờ.</span></p>', 'A.', 'B.', 'C.', NULL, 'C', 17, '2025-05-20 21:47:03', '2025-05-20 21:47:03');
INSERT INTO question_groups (id, part, group_index, transcript, passage, toeic_test_id, created_at, updated_at) VALUES (18, 'part2', 17, 'Isn''t the director of public relations coming today?(A) An award-winning film.(B) I have a map you can use.(C) Yes, she''ll be here soon.', NULL, 1, '2025-05-20 21:47:03', '2025-05-20 21:47:03');
INSERT INTO question_medias (file_url, file_public_id, file_type, `order`, question_group_id, created_at, updated_at) VALUES ('https://s4-media1.study4.com/media/tez_media/sound/ets21_test1/18.mp3', NULL, 'audio', NULL, 18, '2025-05-20 21:47:03', '2025-05-20 21:47:03');
INSERT INTO questions (question, question_number, explanation, A, B, C, D, correct_answer, question_group_id, created_at, updated_at) VALUES ('', 18, '<p><b>Dịch đáp án:</b></p><p><span>Không phải giám đốc quan hệ công chúng sẽ đến hôm nay sao?</span></p><p><span>A. Một bộ phim đoạt giải thưởng.</span></p><p><span>B. Tôi có một bản đồ mà bạn có thể sử dụng.</span></p><p><span>C. Vâng, cô ấy sẽ đến đây sớm thôi.</span></p>', 'A.', 'B.', 'C.', NULL, 'C', 18, '2025-05-20 21:47:03', '2025-05-20 21:47:03');
INSERT INTO question_groups (id, part, group_index, transcript, passage, toeic_test_id, created_at, updated_at) VALUES (19, 'part2', 18, 'I can lend you a pen if you need one.(A) Pass me a menu, please.(B) Thank you – I already have one.(C) He''s at the end.', NULL, 1, '2025-05-20 21:47:03', '2025-05-20 21:47:03');
INSERT INTO question_medias (file_url, file_public_id, file_type, `order`, question_group_id, created_at, updated_at) VALUES ('https://s4-media1.study4.com/media/tez_media/sound/ets21_test1/19.mp3', NULL, 'audio', NULL, 19, '2025-05-20 21:47:03', '2025-05-20 21:47:03');
INSERT INTO questions (question, question_number, explanation, A, B, C, D, correct_answer, question_group_id, created_at, updated_at) VALUES ('', 19, '<p><b>Dịch đáp án:</b></p><p><span>Tôi có thể cho bạn mượn một cây bút nếu bạn cần.</span></p><p><span> A. Làm ơn đưa cho tôi một thực đơn. </span></p><p><span>B. Cảm ơn bạn – Tôi đã có rồi. </span></p><p><span>C. Anh ấy ở cuối.</span></p>', 'A.', 'B.', 'C.', NULL, 'B', 19, '2025-05-20 21:47:03', '2025-05-20 21:47:03');
INSERT INTO question_groups (id, part, group_index, transcript, passage, toeic_test_id, created_at, updated_at) VALUES (20, 'part2', 19, 'Which photograph did you want me to edit for the magazine?(A) My new camera.(B) The photo of the sunset.(C) OK, thanks for the update.', NULL, 1, '2025-05-20 21:47:03', '2025-05-20 21:47:03');
INSERT INTO question_medias (file_url, file_public_id, file_type, `order`, question_group_id, created_at, updated_at) VALUES ('https://s4-media1.study4.com/media/tez_media/sound/ets21_test1/20.mp3', NULL, 'audio', NULL, 20, '2025-05-20 21:47:03', '2025-05-20 21:47:03');
INSERT INTO questions (question, question_number, explanation, A, B, C, D, correct_answer, question_group_id, created_at, updated_at) VALUES ('', 20, '<p><b>Dịch đáp án:</b></p><p><span>Bạn muốn tôi chỉnh sửa bức ảnh nào cho tạp chí? </span></p><p><span>A. Máy ảnh mới của tôi. </span></p><p><span>B. Bức ảnh hoàng hôn. </span></p><p><span>C. OK, cảm ơn vì đã cập nhật.</span></p>', 'A.', 'B.', 'C.', NULL, 'B', 20, '2025-05-20 21:47:03', '2025-05-20 21:47:03');
INSERT INTO question_groups (id, part, group_index, transcript, passage, toeic_test_id, created_at, updated_at) VALUES (21, 'part2', 20, 'Why did your company decide to advertise internationally?(A) To expand our customer base.(B) Yes, that sounds like a great idea.(C) Which side do you prefer?', NULL, 1, '2025-05-20 21:47:03', '2025-05-20 21:47:03');
INSERT INTO question_medias (file_url, file_public_id, file_type, `order`, question_group_id, created_at, updated_at) VALUES ('https://s4-media1.study4.com/media/tez_media/sound/ets21_test1/21.mp3', NULL, 'audio', NULL, 21, '2025-05-20 21:47:03', '2025-05-20 21:47:03');
INSERT INTO questions (question, question_number, explanation, A, B, C, D, correct_answer, question_group_id, created_at, updated_at) VALUES ('', 21, '<p><b>Dịch đáp án:</b></p><p><span>Tại sao công ty của bạn quyết định quảng cáo quốc tế? </span></p><p><span>A. Để mở rộng cơ sở khách hàng của chúng tôi. </span></p><p><span>B. Vâng, đó có vẻ là một ý tưởng tuyệt vời. </span></p><p><span>C. Bạn thích bên nào hơn?</span></p>', 'A.', 'B.', 'C.', NULL, 'A', 21, '2025-05-20 21:47:03', '2025-05-20 21:47:03');
INSERT INTO question_groups (id, part, group_index, transcript, passage, toeic_test_id, created_at, updated_at) VALUES (22, 'part2', 21, 'The book you want to read is available at the library.(A) Sorry, but I''m busy at that time.(B) I ordered my own copy.(C) Are there any other job positions available?', NULL, 1, '2025-05-20 21:47:03', '2025-05-20 21:47:03');
INSERT INTO question_medias (file_url, file_public_id, file_type, `order`, question_group_id, created_at, updated_at) VALUES ('https://s4-media1.study4.com/media/tez_media/sound/ets21_test1/22.mp3', NULL, 'audio', NULL, 22, '2025-05-20 21:47:03', '2025-05-20 21:47:03');
INSERT INTO questions (question, question_number, explanation, A, B, C, D, correct_answer, question_group_id, created_at, updated_at) VALUES ('', 22, '<p><b>Dịch đáp án:</b></p><p><span>Cuốn sách bạn muốn đọc có sẵn ở thư viện. </span></p><p><span>A. Xin lỗi, nhưng lúc đó tôi đang bận. </span></p><p><span>B. Tôi đã đặt mua bản sao của riêng mình. </span></p><p><span>C. Có vị trí công việc nào khác không?</span></p>', 'A.', 'B.', 'C.', NULL, 'B', 22, '2025-05-20 21:47:03', '2025-05-20 21:47:03');
INSERT INTO question_groups (id, part, group_index, transcript, passage, toeic_test_id, created_at, updated_at) VALUES (23, 'part2', 22, 'Are you going to print a few more copies of the agenda?(A) Two hours, at most.(B) The printer on the left.(C) I think we have enough.', NULL, 1, '2025-05-20 21:47:03', '2025-05-20 21:47:03');
INSERT INTO question_medias (file_url, file_public_id, file_type, `order`, question_group_id, created_at, updated_at) VALUES ('https://s4-media1.study4.com/media/tez_media/sound/ets21_test1/23.mp3', NULL, 'audio', NULL, 23, '2025-05-20 21:47:03', '2025-05-20 21:47:03');
INSERT INTO questions (question, question_number, explanation, A, B, C, D, correct_answer, question_group_id, created_at, updated_at) VALUES ('', 23, '<p><b>Dịch đáp án:</b></p><p><span>Bạn có định in thêm một vài bản sao của chương trình làm việc không? </span></p><p><span>A. Nhiều nhất là hai giờ. </span></p><p><span>B. Máy in ở bên trái. </span></p><p><span>C. Tôi nghĩ chúng ta có đủ.</span></p>', 'A.', 'B.', 'C.', NULL, 'C', 23, '2025-05-20 21:47:03', '2025-05-20 21:47:03');
INSERT INTO question_groups (id, part, group_index, transcript, passage, toeic_test_id, created_at, updated_at) VALUES (24, 'part2', 23, 'How did the product demonstration go?(A) The audience seemed to like it.(B) Near the city convention center.(C) I think earlier would be better.', NULL, 1, '2025-05-20 21:47:03', '2025-05-20 21:47:03');
INSERT INTO question_medias (file_url, file_public_id, file_type, `order`, question_group_id, created_at, updated_at) VALUES ('https://s4-media1.study4.com/media/tez_media/sound/ets21_test1/24.mp3', NULL, 'audio', NULL, 24, '2025-05-20 21:47:03', '2025-05-20 21:47:03');
INSERT INTO questions (question, question_number, explanation, A, B, C, D, correct_answer, question_group_id, created_at, updated_at) VALUES ('', 24, '<p><b>Dịch đáp án:</b></p><p><span>Buổi giới thiệu sản phẩm diễn ra thế nào?</span></p><p><span>A. Khán giả có vẻ thích nó.</span></p><p><span>B. Gần trung tâm hội nghị thành phố.</span></p><p><span>C. Tôi nghĩ sớm hơn sẽ tốt hơn.</span></p>', 'A.', 'B.', 'C.', NULL, 'A', 24, '2025-05-20 21:47:03', '2025-05-20 21:47:03');
INSERT INTO question_groups (id, part, group_index, transcript, passage, toeic_test_id, created_at, updated_at) VALUES (25, 'part2', 24, 'The actors in this play are talented, aren''t they?(A) Tickets for front-row seats.(B) Some are even quite famous.(C) The tractor needs repairs.', NULL, 1, '2025-05-20 21:47:03', '2025-05-20 21:47:03');
INSERT INTO question_medias (file_url, file_public_id, file_type, `order`, question_group_id, created_at, updated_at) VALUES ('https://s4-media1.study4.com/media/tez_media/sound/ets21_test1/25.mp3', NULL, 'audio', NULL, 25, '2025-05-20 21:47:03', '2025-05-20 21:47:03');
INSERT INTO questions (question, question_number, explanation, A, B, C, D, correct_answer, question_group_id, created_at, updated_at) VALUES ('', 25, '<p><b>Dịch đáp án:</b></p><p><span>Các diễn viên trong vở kịch này rất tài năng, phải không? </span></p><p><span>A. Vé ngồi ở hàng ghế đầu. </span></p><p><span>B. Một số thậm chí còn khá nổi tiếng. </span></p><p><span>C. Máy kéo cần được sửa chữa.</span></p>', 'A.', 'B.', 'C.', NULL, 'B', 25, '2025-05-20 21:47:03', '2025-05-20 21:47:03');
INSERT INTO question_groups (id, part, group_index, transcript, passage, toeic_test_id, created_at, updated_at) VALUES (26, 'part2', 25, 'Where are we meeting with the clients this afternoon?(A) They just cancelled, actually.(B) No, we don’t need to wear a uniform.(C) Yes, Ms. Watanabe.', NULL, 1, '2025-05-20 21:47:03', '2025-05-20 21:47:03');
INSERT INTO question_medias (file_url, file_public_id, file_type, `order`, question_group_id, created_at, updated_at) VALUES ('https://s4-media1.study4.com/media/tez_media/sound/ets21_test1/26.mp3', NULL, 'audio', NULL, 26, '2025-05-20 21:47:03', '2025-05-20 21:47:03');
INSERT INTO questions (question, question_number, explanation, A, B, C, D, correct_answer, question_group_id, created_at, updated_at) VALUES ('', 26, '<p><b>Dịch đáp án:</b></p><p><span>Chiều nay chúng ta sẽ gặp khách hàng ở đâu? </span></p><p><span>A. Thực ra họ vừa hủy. </span></p><p><span>B. Không, chúng tôi không cần mặc đồng phục. </span></p><p><span>C. Vâng, cô Watanabe.</span></p>', 'A.', 'B.', 'C.', NULL, 'A', 26, '2025-05-20 21:47:03', '2025-05-20 21:47:03');
INSERT INTO question_groups (id, part, group_index, transcript, passage, toeic_test_id, created_at, updated_at) VALUES (27, 'part2', 26, 'Did all the new mobile phones pass the quality test?(A) It’s a different phone number.(B) I pass the library every day.(C) Only half of them were shipped to stores.', NULL, 1, '2025-05-20 21:47:03', '2025-05-20 21:47:03');
INSERT INTO question_medias (file_url, file_public_id, file_type, `order`, question_group_id, created_at, updated_at) VALUES ('https://s4-media1.study4.com/media/tez_media/sound/ets21_test1/27.mp3', NULL, 'audio', NULL, 27, '2025-05-20 21:47:03', '2025-05-20 21:47:03');
INSERT INTO questions (question, question_number, explanation, A, B, C, D, correct_answer, question_group_id, created_at, updated_at) VALUES ('', 27, '<p><b>Dịch đáp án:</b></p><p><span>Có phải tất cả điện thoại di động mới đều vượt qua bài kiểm tra chất lượng? </span></p><p><span>A. Đó là một số điện thoại khác. </span></p><p><span>B. Tôi đi qua thư viện mỗi ngày. </span></p><p><span>C. Chỉ một nửa trong số chúng được chuyển đến các cửa hàng.</span></p>', 'A.', 'B.', 'C.', NULL, 'C', 27, '2025-05-20 21:47:03', '2025-05-20 21:47:03');
INSERT INTO question_groups (id, part, group_index, transcript, passage, toeic_test_id, created_at, updated_at) VALUES (28, 'part2', 27, 'Who''s organizing the office holiday party this year?(A) Didn''t you get the e-mail this morning?(B) Here are the sales reports from last year.(C) No, I''d like to buy that one.', NULL, 1, '2025-05-20 21:47:03', '2025-05-20 21:47:03');
INSERT INTO question_medias (file_url, file_public_id, file_type, `order`, question_group_id, created_at, updated_at) VALUES ('https://s4-media1.study4.com/media/tez_media/sound/ets21_test1/28.mp3', NULL, 'audio', NULL, 28, '2025-05-20 21:47:03', '2025-05-20 21:47:03');
INSERT INTO questions (question, question_number, explanation, A, B, C, D, correct_answer, question_group_id, created_at, updated_at) VALUES ('', 28, '<p><b>Dịch đáp án:</b></p><p><span>Ai sẽ tổ chức bữa tiệc nghỉ lễ ở văn phòng năm nay? </span></p><p><span>A. Sáng nay bạn chưa nhận được e-mail à? </span></p><p><span>B. Đây là báo cáo bán hàng từ năm ngoái. </span></p><p><span>C. Không, tôi muốn mua cái đó.</span></p>', 'A.', 'B.', 'C.', NULL, 'A', 28, '2025-05-20 21:47:03', '2025-05-20 21:47:03');
INSERT INTO question_groups (id, part, group_index, transcript, passage, toeic_test_id, created_at, updated_at) VALUES (29, 'part2', 28, 'Have you considered taking a professional development workshop?(A) The stockroom is on the second floor.(B) Of course I can take it to the post office.(C) I heard they''re very expensive.', NULL, 1, '2025-05-20 21:47:03', '2025-05-20 21:47:03');
INSERT INTO question_medias (file_url, file_public_id, file_type, `order`, question_group_id, created_at, updated_at) VALUES ('https://s4-media1.study4.com/media/tez_media/sound/ets21_test1/29.mp3', NULL, 'audio', NULL, 29, '2025-05-20 21:47:03', '2025-05-20 21:47:03');
INSERT INTO questions (question, question_number, explanation, A, B, C, D, correct_answer, question_group_id, created_at, updated_at) VALUES ('', 29, '<p><b>Dịch đáp án:</b></p><p><span>Bạn đã cân nhắc việc tham gia một hội thảo phát triển chuyên môn chưa? </span></p><p><span>A. Kho hàng nằm trên tầng hai. </span></p><p><span>B. Tất nhiên tôi có thể mang nó đến bưu điện. </span></p><p><span>C. Tôi nghe nói chúng rất đắt.</span></p>', 'A.', 'B.', 'C.', NULL, 'C', 29, '2025-05-20 21:47:03', '2025-05-20 21:47:03');
INSERT INTO question_groups (id, part, group_index, transcript, passage, toeic_test_id, created_at, updated_at) VALUES (30, 'part2', 29, 'Construction on our downtown office building is almost finished.(A) The security guard can answer that.(B) It''ll be nice to have such a short commute.(C) It was Jae-Min who filed the construction permit.', NULL, 1, '2025-05-20 21:47:03', '2025-05-20 21:47:03');
INSERT INTO question_medias (file_url, file_public_id, file_type, `order`, question_group_id, created_at, updated_at) VALUES ('https://s4-media1.study4.com/media/tez_media/sound/ets21_test1/30.mp3', NULL, 'audio', NULL, 30, '2025-05-20 21:47:03', '2025-05-20 21:47:03');
INSERT INTO questions (question, question_number, explanation, A, B, C, D, correct_answer, question_group_id, created_at, updated_at) VALUES ('', 30, '<p><b>Dịch đáp án:</b></p><p><span>Việc xây dựng tòa nhà văn phòng ở trung tâm thành phố của chúng tôi gần như đã hoàn thành. </span></p><p><span>A. Nhân viên bảo vệ có thể trả lời điều đó. </span></p><p><span>B. Thật tuyệt khi có một quãng đường đi làm ngắn như vậy. </span></p><p><span>C. Chính Jae-Min là người đã nộp giấy phép xây dựng.</span></p>', 'A.', 'B.', 'C.', NULL, 'B', 30, '2025-05-20 21:47:03', '2025-05-20 21:47:03');
INSERT INTO question_groups (id, part, group_index, transcript, passage, toeic_test_id, created_at, updated_at) VALUES (31, 'part2', 30, 'Didn’t you use to sell these vitamins at your store?(A) We carry a smaller selection now.(B) The store’s hours are listed on the Web site.(C) Yes, I invited them both.', NULL, 1, '2025-05-20 21:47:03', '2025-05-20 21:47:03');
INSERT INTO question_medias (file_url, file_public_id, file_type, `order`, question_group_id, created_at, updated_at) VALUES ('https://s4-media1.study4.com/media/tez_media/sound/ets21_test1/31.mp3', NULL, 'audio', NULL, 31, '2025-05-20 21:47:03', '2025-05-20 21:47:03');
INSERT INTO questions (question, question_number, explanation, A, B, C, D, correct_answer, question_group_id, created_at, updated_at) VALUES ('', 31, '<p><b>Dịch đáp án:</b></p><p><span>Không phải bạn đã từng bán những loại vitamin này tại cửa hàng của mình sao? </span></p><p><span>A. Bây giờ chúng tôi có một lựa chọn nhỏ hơn. </span></p><p><span>B. Giờ mở cửa của cửa hàng được liệt kê trên trang web. </span></p><p><span>C. Vâng, tôi đã mời cả hai.</span></p>', 'A.', 'B.', 'C.', NULL, 'A', 31, '2025-05-20 21:47:03', '2025-05-20 21:47:03');
INSERT INTO question_groups (id, part, group_index, transcript, passage, toeic_test_id, created_at, updated_at) VALUES (32, 'part3', 31, '<div><div><b>M:</b> Hello, I''m a guest here at the hotel. (32) I plan to do some sightseeing today, and I have a question.</div><div><b>W: </b>Certainly. What can I help you with?</div><div>M: I''m interested in visiting a couple of historic neighborhoods. (33) What would be a good way to travel around to see them?</div><div><b>W:</b> Well, you could rent a bicycle. There''s a shop just down the street where you can get one.</div><div><b>M:</b> Oh, that''s perfect if it''s not too expensive.</div><div><b>W: </b>(34)I don''t know what they charge, but I''d be happy to call them and find out.</div> </div><div><div><b>M: </b>Xin chào, tôi là khách lưu trú tại khách sạn đây. Tôi dự định đi tham quan một số nơi hôm nay, và tôi có một câu hỏi.</div><div><b>W:</b> Dĩ nhiên rồi. Tôi có thể giúp gì cho ông?</div><div>M: Tôi muốn đến thăm một vài khu phố lịch sử. Đến tham quan những điểm đó bằng phương tiện gì là ổn nhỉ?</div><div><b>W:</b> Chà, ông có thể thuê một chiếc xe đạp. Có một cửa hàng ngay dưới phố, ở đó ông có thể thuê một cái.</div><div><b>M:</b> Ồ, điều đó thật hoàn hảo nếu chi phí không quá đắt.</div><div><b>W: </b>Tôi không biết họ tính phí thế nào, nhưng tôi sẵn lòng gọi cho họ và tìm hiểu xem.</div> </div>', NULL, 1, '2025-05-20 21:47:03', '2025-05-20 21:47:03');
INSERT INTO question_medias (file_url, file_public_id, file_type, `order`, question_group_id, created_at, updated_at) VALUES ('https://s4-media1.study4.com/media/t24_media/sound/1619407464_1619426242.mp3', NULL, 'audio', NULL, 32, '2025-05-20 21:47:03', '2025-05-20 21:47:03');
INSERT INTO questions (question, question_number, explanation, A, B, C, D, correct_answer, question_group_id, created_at, updated_at) VALUES ('What does the man say he plans to do today?', 32, '<p><b>Dịch đáp án:</b></p><p><span>Người đàn ông nói anh ta dự định làm gì hôm nay?</span></p><p><span>A. Đi tham quan</span></p><p><span>B. Tham dự hội nghị</span></p><p><span>C. Mua một số quà tặng</span></p><p><span>D. Dừng lại ở ngân hàng</span></p>', 'Go sightseeing', 'Attend a conference', 'Purchase some gifts', 'Stop at a bank', 'A', 32, '2025-05-20 21:47:03', '2025-05-20 21:47:03');
INSERT INTO questions (question, question_number, explanation, A, B, C, D, correct_answer, question_group_id, created_at, updated_at) VALUES ('What does the man ask about?', 33, '<p><b>Dịch đáp án:</b></p><p><span>Người đàn ông hỏi về điều gì?</span></p><p><span>A. Truy cập Internet</span></p><p><span>B. Sử dụng trung tâm thể dục</span></p><p><span>C. Các phương án vận chuyển</span></p><p><span>D. Nhà hàng lân cận</span></p>', 'Internet access', 'Use of a fitness center', 'Transportation options', 'Nearby restaurants', 'C', 32, '2025-05-20 21:47:03', '2025-05-20 21:47:03');
INSERT INTO questions (question, question_number, explanation, A, B, C, D, correct_answer, question_group_id, created_at, updated_at) VALUES ('What does the woman offer to do?', 34, '<p><b>Dịch đáp án:</b></p><p><span>Người phụ nữ đề nghị làm gì?</span></p><p><span>A. Đặt chỗ trước</span></p><p><span>B. In thẻ đậu xe</span></p><p><span>C. Cung cấp mật khẩu</span></p><p><span>D. Kiểm tra một số giá</span></p>', 'Make a reservation', 'Print a parking pass', 'Provide a password', 'Check on some prices', 'D', 32, '2025-05-20 21:47:03', '2025-05-20 21:47:03');
INSERT INTO question_groups (id, part, group_index, transcript, passage, toeic_test_id, created_at, updated_at) VALUES (33, 'part3', 32, '<div><div><b>W:</b> (35)The review of our restaurant is supposed to be in today''s newspaper. Have you seen it yet?</div><div><b>M:</b> (35)I read it before I came in to work. It''s the first review in the Entertainment section!</div><div><b>W:</b> Really? I hope it had a lot of good things to say about us.</div><div><b>M:</b> It did. In fact, (36)I think we''ll have a lot of new customers this week, thanks to the positive review. Especially since the reviewers really liked our specialty desserts!</div><div><b>W:</b> Well, (37)then we''d better prepare more food. I''ll order more ingredients right away.</div> </div><div><div><b>W: </b>Bài đánh giá về nhà hàng của chúng ta được lên lịch đăng trong số báo hôm nay. Bạn đã đọc nó chưa?</div><div><b>M:</b> Tôi đã đọc nó trước khi tôi vào làm việc. Đây là bài đánh giá đầu tiên trong mục Giải trí!</div><div><b>W:</b> Thật không? Tôi hy vọng nó có nhiều điều tốt đẹp để nói về chúng ta.</div><div><b>M:</b> Đúng là vậy. Thực ra, tôi nghĩ rằng chúng ta sẽ có rất nhiều khách hàng mới </div><div>trong tuần này, nhờ vào đánh giá tích cực. Đặc biệt là vì những người đánh giá thực sự thích các món tráng miệng đặc biệt của chúng ta!</div><div><b>W:</b> Vậy thì chúng ta nên chuẩn bị nhiều món ăn hơn. Tôi sẽ đặt thêm nguyên liệu ngay lập tức.</div> </div>', NULL, 1, '2025-05-20 21:47:03', '2025-05-20 21:47:03');
INSERT INTO question_medias (file_url, file_public_id, file_type, `order`, question_group_id, created_at, updated_at) VALUES ('https://s4-media1.study4.com/media/t24_media/sound/1619407464_1619426921.mp3', NULL, 'audio', NULL, 33, '2025-05-20 21:47:03', '2025-05-20 21:47:03');
INSERT INTO questions (question, question_number, explanation, A, B, C, D, correct_answer, question_group_id, created_at, updated_at) VALUES ('What did the man do before coming in to work?', 35, '<p><b>Dịch đáp án:</b></p><p><span>Người đàn ông đã làm gì trước khi đến làm việc?</span></p><p><span>A. Anh ấy đã gặp một người bạn</span></p><p><span>B. Anh ấy đã sửa lại thực đơn</span></p><p><span>C. Anh ấy đọc báo</span></p><p><span>D. Anh ấy đã mua đồ ăn sáng</span></p>', 'He met with a friend', 'He revised a menu', 'He read a newspaper', 'He bought some breakfast', 'C', 33, '2025-05-20 21:47:03', '2025-05-20 21:47:03');
INSERT INTO questions (question, question_number, explanation, A, B, C, D, correct_answer, question_group_id, created_at, updated_at) VALUES ('What does the man think will happen this week?', 36, '<p><b>Dịch đáp án:</b></p><p><span>Người đàn ông nghĩ điều gì sẽ xảy ra trong tuần này?</span></p><p><span>A. Sẽ có nhiều khách hàng hơn</span></p><p><span>B. Sẽ có kiểm tra an toàn</span></p><p><span>C. Hợp đồng sẽ được gia hạn</span></p><p><span>D. Một đầu bếp mới sẽ được thuê</span></p>', 'There will be more customer', 'There will be a safety inspection', 'A contract will be renewed', 'A new chef will be hired', 'A', 33, '2025-05-20 21:47:03', '2025-05-20 21:47:03');
INSERT INTO questions (question, question_number, explanation, A, B, C, D, correct_answer, question_group_id, created_at, updated_at) VALUES ('What will the women most likely do next?', 37, '<p><b>Dịch đáp án:</b></p><p><span>Những người phụ nữ rất có thể sẽ làm gì tiếp theo?</span></p><p><span>A. Thuê thêm nhân viên</span></p><p><span>B. Lên lịch sửa chữa</span></p><p><span>C. Đặt hàng</span></p><p><span>D. In một bài viết</span></p>', 'Hire additional staff', 'Schedule some repairs', 'Place an order', 'Print an article', 'C', 33, '2025-05-20 21:47:03', '2025-05-20 21:47:03');
INSERT INTO question_groups (id, part, group_index, transcript, passage, toeic_test_id, created_at, updated_at) VALUES (34, 'part3', 33, '<div><div><b>M:</b> 38Welcome to Pavilion Appliance Store. How can I help you?</div><div><b>W:</b> Well, 39the handle on the door of my refrigerator broke off.</div><div><b>M:</b> Oh, that''s not good. If you bought it more than a year ago, it''s not going to be covered by the warranty.</div><div><b>W:</b> I know – I bought it three years ago. But I can fix it myself... I just need to buy the handle.</div><div><b>M:</b> I''m sorry, but we don''t sell replacement parts.</div><div><b>W: </b>So, do you know of a store that does sell them?</div><div><b>M: </b>Well, 40there is a Web site that sells appliance parts at good prices. You could see if they have what you''re looking for. It''s called AppliancePartsForYou.com.</div> </div><div><div><b>M: </b>Chào mừng đến với Cửa hàng Gia dụng Pavilion. Tôi có thể giúp gì cho cô?</div><div><b>W: </b>Chà, tay nắm cửa tủ lạnh của tôi đã bị gãy.</div><div><b>M:</b> Ồ, điều đó không tốt rồi. Nếu cô mua nó hơn một năm, nó sẽ không được bảo hành.</div><div><b>W: </b>Tôi biết – Tôi đã mua nó ba năm trước. Nhưng tôi có thể tự sửa nó ... Tôi chỉ cần mua tay nắm thôi.</div><div><b>M:</b> Tôi xin lỗi, nhưng chúng tôi không bán các bộ phận thay thế.</div><div><b>W:</b> Vậy bạn có biết cửa hàng nào bán chúng chứ?</div><div><b>M: </b>À, có một trang web bán các bộ phận của đồ gia dụng với mức giá tốt. Cô có thể xem nếu họ có những gì cô đang tìm kiếm không. Trang web tên là AppliancePartsForYou.com.</div> </div>', NULL, 1, '2025-05-20 21:47:03', '2025-05-20 21:47:03');
INSERT INTO question_medias (file_url, file_public_id, file_type, `order`, question_group_id, created_at, updated_at) VALUES ('https://s4-media1.study4.com/media/t24_media/sound/1619407464_1619427188.mp3', NULL, 'audio', NULL, 34, '2025-05-20 21:47:03', '2025-05-20 21:47:03');
INSERT INTO questions (question, question_number, explanation, A, B, C, D, correct_answer, question_group_id, created_at, updated_at) VALUES ('Who most likely is the man?', 38, '<p><b>Dịch đáp án:</b></p><p><span>Người đàn ông có nhiều khả năng nhất là ai?</span></p><p><span>A. Quản lý siêu thị</span></p><p><span>B. Nhân viên cửa hàng thiết bị</span></p><p><span>C. Một chủ cửa hàng kem</span></p><p><span>D. Một đại lý bất động sản</span></p>', 'A supermarket manager', 'An appliance store employee', 'An ice-cream shop owner', 'A real estate agent', 'B', 34, '2025-05-20 21:47:03', '2025-05-20 21:47:03');
INSERT INTO questions (question, question_number, explanation, A, B, C, D, correct_answer, question_group_id, created_at, updated_at) VALUES ('What problem does the woman mention?', 39, '<p><b>Dịch đáp án:</b></p><p><span>Người phụ nữ đề cập đến vấn đề gì?</span></p><p><span>A. Hóa đơn không đúng</span></p><p><span>B. Một món đồ bị hỏng</span></p><p><span>C. Thiếu tài liệu</span></p><p><span>D. Một sản phẩm quá đắt</span></p>', 'An invoice is incorrect', 'An item is broken', 'A document is missing', 'A product is too expensive', 'B', 34, '2025-05-20 21:47:03', '2025-05-20 21:47:03');
INSERT INTO questions (question, question_number, explanation, A, B, C, D, correct_answer, question_group_id, created_at, updated_at) VALUES ('What does the man suggest the woman do?', 40, '<p><b>Dịch đáp án:</b></p><p><span>Người đàn ông đề nghị người phụ nữ làm gì?</span></p><p><span>A. Mua bảo hành</span></p><p><span>B. Trả lại một số hàng hóa</span></p><p><span>C. Gọi chuyên gia</span></p><p><span>D. Tìm một mục trực tuyến</span></p>', 'Purchase a warranty', 'Return some merchandise', 'Call a specialist', 'Find an item online', 'D', 34, '2025-05-20 21:47:03', '2025-05-20 21:47:03');
INSERT INTO question_groups (id, part, group_index, transcript, passage, toeic_test_id, created_at, updated_at) VALUES (35, 'part3', 34, '<div><div>M: Hi. 41I’m calling about your online leadership course. According to your Web site, it''s one of three courses required for your Professional Certificate in Management. I''m not interested in the certificate, so can I just take the leadership course?</div><div>W: Yes, but it''s probably worth it to get the certificate. Have you seen our online reviews? Most people who complete the certificate program are very satisfied.</div><div>M: Yes, 42I have a friend who got the management certificate through your program. It''s really helped her in her career.</div><div>W: Well, 43if you''re worried about the cost, you might qualify for a reduced course fee. Would you like me to look into that for you?</div> </div><div><div>M: Chào. Tôi gọi để hỏi về khóa học lãnh đạo trực tuyến của bạn. Theo trang web của bạn, đây là một trong ba khóa học bắt buộc đối với Chứng chỉ Quản lý Chuyên nghiệp do bên bạn cung cấp. Tôi không quan tâm đến chứng chỉ, vậy tôi có thể tham gia khóa học lãnh đạo không?</div><div>W: Có, nhưng có lẽ rất đáng giá để lấy chứng chỉ. Bạn đã xem các đánh giá trực tuyến của chúng tôi chưa? Hầu hết những người hoàn thành chương trình chứng chỉ đều rất hài lòng.</div><div>M: Vâng, tôi có một người bạn đã có chứng chỉ quản lý thông qua chương trình của bạn. Nó thực sự đã giúp cô ấy trong sự nghiệp của mình.</div><div>W: Chà, nếu bạn lo lắng về chi phí, bạn có thể đủ điều kiện để được giảm học phí. Bạn có muốn tôi xem xét điều đó cho bạn không?</div> </div>', NULL, 1, '2025-05-20 21:47:03', '2025-05-20 21:47:03');
INSERT INTO question_medias (file_url, file_public_id, file_type, `order`, question_group_id, created_at, updated_at) VALUES ('https://s4-media1.study4.com/media/t24_media/sound/1619407464_1619427496.mp3', NULL, 'audio', NULL, 35, '2025-05-20 21:47:03', '2025-05-20 21:47:03');
INSERT INTO questions (question, question_number, explanation, A, B, C, D, correct_answer, question_group_id, created_at, updated_at) VALUES ('Why is the man calling?', 41, '<p><b>Dịch đáp án:</b></p><p><span>Tại sao người đàn ông lại gọi?</span></p><p><span>A. Để thanh toán</span></p><p><span>B. Để yêu cầu gia hạn</span></p><p><span>C. Để hủy đăng ký</span></p><p><span>D. Để có được thông tin khóa học</span></p>', 'To make a payment', 'To request an extension', 'To cancel a registration', 'To obtain course infomation', 'D', 35, '2025-05-20 21:47:03', '2025-05-20 21:47:03');
INSERT INTO questions (question, question_number, explanation, A, B, C, D, correct_answer, question_group_id, created_at, updated_at) VALUES ('what does the man say about his friend?', 42, '<p><b>Dịch đáp án:</b></p><p><span>Người đàn ông nói gì về bạn mình?</span></p><p><span>A. Cô ấy làm việc ở văn phòng của anh ấy</span></p><p><span>B. Cô ấy được hưởng lợi từ chương trình chứng chỉ</span></p><p><span>C. Cô ấy điều hành một công ty kế toán thành công</span></p><p><span>D. Cô ấy đã viết một bài đánh giá tích cực</span></p>', 'She works in his office', 'She benefited from a certificate program', 'She runs a successful accounting firm', 'She wrote a postitive review', 'B', 35, '2025-05-20 21:47:03', '2025-05-20 21:47:03');
INSERT INTO questions (question, question_number, explanation, A, B, C, D, correct_answer, question_group_id, created_at, updated_at) VALUES ('What does the woman say the man might be eligible for?', 43, '<p><b>Dịch đáp án:</b></p><p><span>Người phụ nữ nói người đàn ông có thể đủ điều kiện để làm gì?</span></p><p><span>A. Giảm phí</span></p><p><span>B. Tư vấn</span></p><p><span>C. Thăng tiến trong công việc</span></p><p><span>D. Nâng cấp miễn phí</span></p>', 'A reduced fee', 'A consultation', 'A job promotion', 'A free upgrade', 'A', 35, '2025-05-20 21:47:03', '2025-05-20 21:47:03');
INSERT INTO question_groups (id, part, group_index, transcript, passage, toeic_test_id, created_at, updated_at) VALUES (36, 'part3', 35, '<div><div>W: Hi, Carlos. 44,45Did you see the e-mail from the manager? Our fitness center’s going to stay open 24 hours!</div><div>M: Yes, I read it. 45The e-mail said the new hours will start next month. I think it''ll make our members very happy. They’ve wanted later hours for a while.</div><div>W: Definitely. The manager also asked us to make some signs and post them around the gym so members are aware of this change.</div><div>M: 46I have some time now. I''ll get started making those signs right away.</div> </div><div><div>W: Xin chào, Carlos. Bạn có thấy e-mail từ người quản lý không? Trung tâm thể hình của chúng ta sẽ mở cửa 24 giờ!</div><div>M: Vâng, tôi đã đọc nó rồi. E-mail cho biết giờ hoạt động mới sẽ bắt đầu vào tháng tới. Tôi nghĩ nó sẽ làm cho các thành viên của chúng ta rất thích thú. Họ luôn muốn giờ hoạt động kéo dài từ trước rồi.</div><div>W: Chắc chắn rồi. Người quản lý cũng yêu cầu chúng ta làm một số tấm biển và dán chúng xung quanh phòng tập để các thành viên biết về sự thay đổi này.</div><div>M: Bây giờ tôi rảnh. Tôi sẽ bắt đầu làm những tấm biển đó ngay lập tức.</div> </div>', NULL, 1, '2025-05-20 21:47:03', '2025-05-20 21:47:03');
INSERT INTO question_medias (file_url, file_public_id, file_type, `order`, question_group_id, created_at, updated_at) VALUES ('https://s4-media1.study4.com/media/t24_media/sound/1619407464_1619427712.mp3', NULL, 'audio', NULL, 36, '2025-05-20 21:47:03', '2025-05-20 21:47:03');
INSERT INTO questions (question, question_number, explanation, A, B, C, D, correct_answer, question_group_id, created_at, updated_at) VALUES ('Where do the speakers work?', 44, '<p><b>Dịch đáp án:</b></p><p><span>Người nói làm việc ở đâu?</span></p><p><span>A. Tại cửa hàng quần áo</span></p><p><span>B. Tại trung tâm thể hình</span></p><p><span>C. Tại một công ty phần mềm</span></p><p><span>D. Tại nhà thi đấu thể thao</span></p>', 'At a clothing store', 'At a  fitness center', 'At a software company', 'At a sports arena', 'B', 36, '2025-05-20 21:47:03', '2025-05-20 21:47:03');
INSERT INTO questions (question, question_number, explanation, A, B, C, D, correct_answer, question_group_id, created_at, updated_at) VALUES ('According to the speakers. what will happen next month?', 45, '<p><b>Dịch đáp án:</b></p><p><span>Theo các </span><span>người nói</span><span>. điều gì sẽ xảy ra vào tháng tới?</span></p><p><span>A. Tùy chọn giá sẽ thay đổi</span></p><p><span>B. Công việc cải tạo sẽ bắt đầu</span></p><p><span>C. Nhân viên mới sẽ được thuê</span></p><p><span>D. Giờ làm việc sẽ được kéo dài</span></p>', 'Pricing options will change', 'Renovation work will begin', 'New employees will be hired', 'Business hours will be extended', 'D', 36, '2025-05-20 21:47:03', '2025-05-20 21:47:03');
INSERT INTO questions (question, question_number, explanation, A, B, C, D, correct_answer, question_group_id, created_at, updated_at) VALUES ('What does the man offter to do?', 46, '<p><b>Dịch đáp án:</b></p><p><span>Người đàn ông đề nghị làm gì?</span></p><p><span>A. Làm một số dấu hiệu</span></p><p><span>B. Cập nhật lịch trình</span></p><p><span>C. Ước tính một số chi phí</span></p><p><span>D. Gửi e-mail</span></p>', 'Make some signs', 'Update a schedule', 'Estimate some costs', 'Send an e-mail', 'A', 36, '2025-05-20 21:47:03', '2025-05-20 21:47:03');
INSERT INTO question_groups (id, part, group_index, transcript, passage, toeic_test_id, created_at, updated_at) VALUES (37, 'part3', 36, '<div><div>M1: Adam, 47I just got a message to come to the factory floor. (48) Is something wrong?</div><div>M2: 47,48There''s a problem with the last few desks that came off the production line. Look at this one – the top surface of the desk is loose because no glue was applied from the machines.</div><div>M1: Carol – could you join us for a minute? Can you check the glue machines on your team''s part of the assembly line? They probably need a refill.</div><div>W: OK. I''ll shut them down and take a look. We should be back in service within an hour.</div><div>M1: Good. 49This afternoon at one o''clock, some prospective clients will be visiting. Everything needs to be running smoothly by then.</div> </div><div><div>M1: Adam, tôi vừa nhận được lời nhắn đến nhà máy. Có gì đó không ổn sao?</div><div>M2: Có vấn đề với một số bàn làm việc cuối cùng được đưa ra khỏi dây chuyền sản xuất. Hãy nhìn cái này – mặt trên của bàn bị lỏng vì không có keo từ máy dán.</div><div>M1: Carol – bạn có thể tham gia với chúng tôi một phút không? Bạn có thể kiểm tra máy dán keo trong dây chuyền lắp ráp của nhóm bạn chứ? Chúng có thể cần nạp keo lại.</div><div>W: Được rồi. Tôi sẽ tắt chúng và xem xét. Chúng tôi sẽ trở lại phục vụ trong vòng một giờ nữa.</div><div>M1: Tốt lắm. Chiều nay lúc một giờ, một số khách hàng tiềm năng sẽ đến thăm. Mọi thứ cần phải chạy trơn tru vào thời điểm đó.</div> </div>', NULL, 1, '2025-05-20 21:47:03', '2025-05-20 21:47:03');
INSERT INTO question_medias (file_url, file_public_id, file_type, `order`, question_group_id, created_at, updated_at) VALUES ('https://s4-media1.study4.com/media/t24_media/sound/1619407464_1619428342.mp3', NULL, 'audio', NULL, 37, '2025-05-20 21:47:03', '2025-05-20 21:47:03');
INSERT INTO questions (question, question_number, explanation, A, B, C, D, correct_answer, question_group_id, created_at, updated_at) VALUES ('Where most likely are the speakers?', 47, '<p><b>Dịch đáp án:</b></p><p><span>Người nói có thể ở đâu nhất?</span></p><p><span>A. Tại một cửa hàng in</span></p><p><span>B. Tại một nhà máy sản xuất đồ nội thất</span></p><p><span>C. Tại kho thiết bị</span></p><p><span>D. Tại cửa hàng văn phòng phẩm</span></p>', 'At a print shop', 'At a furniture factory', 'At an appliance warehouse', 'At a stationery store', 'B', 37, '2025-05-20 21:47:03', '2025-05-20 21:47:03');
INSERT INTO questions (question, question_number, explanation, A, B, C, D, correct_answer, question_group_id, created_at, updated_at) VALUES ('What problem do the men describle?', 48, '<p><b>Dịch đáp án:</b></p><p><span>Những người đàn ông mô tả vấn đề gì?</span></p><p><span>A. Một cánh cửa đã bị mở</span></p><p><span>B. Một chiếc xe tải giao hàng bị trì hoãn</span></p><p><span>C. Một số nhân viên bị ốm</span></p><p><span>D. Một số sản phẩm bị lỗi</span></p>', 'A door has been left open', 'A delivery truck has been delayed', 'Some employees are out sick', 'Some products are defective', 'D', 37, '2025-05-20 21:47:03', '2025-05-20 21:47:03');
INSERT INTO questions (question, question_number, explanation, A, B, C, D, correct_answer, question_group_id, created_at, updated_at) VALUES ('What is scheduled to happen at one o''clock?', 49, '<p><b>Dịch đáp án:</b></p><p><span>Điều gì dự kiến ​​sẽ xảy ra vào lúc một giờ?</span></p><p><span>A. Một số khách hàng sẽ ghé thăm</span></p><p><span>B. Một số thiết bị sẽ được làm sạch</span></p><p><span>C. Một buổi đào tạo sẽ được tiến hành</span></p><p><span>D. Sẽ tổ chức tiệc trưa cho nhân viên</span></p>', 'Some clients will visit', 'Some equipment will be cleaned', 'A training session will be conducted', 'An employee luncheon will be held', 'A', 37, '2025-05-20 21:47:03', '2025-05-20 21:47:03');
INSERT INTO question_groups (id, part, group_index, transcript, passage, toeic_test_id, created_at, updated_at) VALUES (38, 'part3', 37, '<div><div>W: Hi, Gerard. Just a reminder, 50all proposals for this year''s technology conference have to be submitted by tomorrow.</div><div>M: Yes, I know. 50I actually finished my proposal earlier today, but I haven''t been</div><div>able to upload it yet... 51I think the Web site''s down for maintenance.</div><div>W: Oh, I had the same problem – the Web site''s really busy. You just have to keep trying.</div><div>M: In that case, 52I think I''ll go to lunch first and try again when I get back. Would you like to join me?</div><div>W: 52Sure – let’s go now.</div> </div><div><div>W: Xin chào, Gerard. Xin nhắc lại, tất cả các đề xuất cho hội nghị công nghệ năm</div><div>nay phải được đệ trình vào ngày mai.</div><div>M: Vâng, tôi biết. Tôi thực sự đã hoàn thành đề xuất của mình sớm nay, nhưng tôi vẫn chưa thể đăng nó lên... Tôi nghĩ rằng trang web đã ngừng hoạt động để bảo trì.</div><div>W: Ồ, tôi cũng gặp phải vấn đề tương tự – trang web thực sự rất nghẽn mạng. Bạn cứ tiếp tục thử xem sao.</div><div>M: Trong trường hợp đó, tôi nghĩ tôi sẽ đi ăn trưa trước và thử lại khi quay về. Bạn có muốn ăn cùng tôi không?</div><div>W: Chắc chắn rồi – chúng ta đi ngay thôi.</div> </div>', NULL, 1, '2025-05-20 21:47:03', '2025-05-20 21:47:03');
INSERT INTO question_medias (file_url, file_public_id, file_type, `order`, question_group_id, created_at, updated_at) VALUES ('https://s4-media1.study4.com/media/t24_media/sound/1619407464_1619428595.mp3', NULL, 'audio', NULL, 38, '2025-05-20 21:47:03', '2025-05-20 21:47:03');
INSERT INTO questions (question, question_number, explanation, A, B, C, D, correct_answer, question_group_id, created_at, updated_at) VALUES ('What did the man recently finish?', 50, '<p><b>Dịch đáp án:</b></p><p><span>Người đàn ông vừa mới hoàn thành việc gì?</span></p><p><span>A. Đề xuất hội nghị</span></p><p><span>B. Lịch trình chuyến công tác</span></p><p><span>C. Bản sửa đổi cơ sở dữ liệu khách hàng</span></p><p><span>D. Xem xét một số đồ án</span></p>', 'A conference proposal', 'An agenda for a business trip', 'A revision to a client database', 'A review of some blueprints', 'A', 38, '2025-05-20 21:47:03', '2025-05-20 21:47:03');
INSERT INTO questions (question, question_number, explanation, A, B, C, D, correct_answer, question_group_id, created_at, updated_at) VALUES ('What problem does the man mention', 51, '<p><b>Dịch đáp án:</b></p><p><span>Người đàn ông đề cập đến vấn đề gì</span></p><p><span>A. Cần có giấy phép bổ sung</span></p><p><span>B. Một khoản chi phí không được phê duyệt</span></p><p><span>C. Không có người giám sát</span></p><p><span>D. Một trang web không hoạt động</span></p>', 'Additional permits are needed', 'An expense was not approved', 'A supervisor is unavailable', 'A web site is not working', 'D', 38, '2025-05-20 21:47:03', '2025-05-20 21:47:03');
INSERT INTO questions (question, question_number, explanation, A, B, C, D, correct_answer, question_group_id, created_at, updated_at) VALUES ('What will  the speakers do next?', 52, '<p><b>Dịch đáp án:</b></p><p><span>Các </span><span>người nói</span><span> sẽ làm gì tiếp theo?</span></p><p><span>A. Luyện tập một bài thuyết trình</span></p><p><span>B. In một số tài liệu</span></p><p><span>C. Đi ăn trưa</span></p><p><span>D. Gọi hỗ trợ kỹ thuật</span></p>', 'Rehearse a presentaion', 'Print some documents', 'Go have lunch', 'Call technical support', 'C', 38, '2025-05-20 21:47:03', '2025-05-20 21:47:03');
INSERT INTO question_groups (id, part, group_index, transcript, passage, toeic_test_id, created_at, updated_at) VALUES (39, 'part3', 38, '<div><div>M: Hi, Emiko. 53Welcome to Essen Accounting. I''m Amal Hassan, from Human Resources. I''ll show you around the office and introduce you to the rest of the accounting team.</div><div>W: Nice to meet you, Amal. Do you know if I''ll get my permanent ID badge soon? 54I just have this temporary ID card, and this isn''t the correct spelling of my name.</div><div>M: Well, you can use that ID to move through the building today, but we''ll ask at the security desk later. Do you have any other questions before we start the tour?</div><div>W: Um, 55I thought I''d get copies of my employee paperwork, but I haven''t received anything yet. Is there something I should do?</div><div>M: Oh, it normally takes a few days.</div><div><br/></div> </div><div><div>M: Chào, Emiko. Chào mừng bạn đến với Essen Accounting. Tôi là Amal Hassan,</div><div>từ Bộ phận Nhân sự. Tôi sẽ dẫn bạn dạo một vòng quanh văn phòng và giới thiệu bạn với những người còn lại trong đội ngũ kế toán.</div><div>W: Rất vui được gặp bạn, Amal. Bạn có biết liệu tôi sẽ sớm nhận được huy hiệu nhận diện dài hạn của mình không? Tôi chỉ có thẻ nhận viên tạm thời này và đây không phải là cách viết chính xác của tên tôi.</div><div>M: Chà, bạn có thể sử dụng thẻ nhận diện đó để di chuyển quanh tòa nhà ngày hôm nay, nhưng chúng tôi sẽ hỏi ở quầy an ninh sau. Bạn có câu hỏi nào khác trước khi chúng ta bắt đầu chuyến tham quan không?</div><div>W: Ùm, tôi nghĩ tôi sẽ nhận được bản sao giấy tờ lao động, nhưng tôi vẫn chưa nhận được gì. Có điều gì tôi nên làm không?</div><div>M: Ôi, chuyện đó thường mất vài ngày lận.</div> </div>', NULL, 1, '2025-05-20 21:47:03', '2025-05-20 21:47:03');
INSERT INTO question_medias (file_url, file_public_id, file_type, `order`, question_group_id, created_at, updated_at) VALUES ('https://s4-media1.study4.com/media/t24_media/sound/1619407464_1619428996.mp3', NULL, 'audio', NULL, 39, '2025-05-20 21:47:03', '2025-05-20 21:47:03');
INSERT INTO questions (question, question_number, explanation, A, B, C, D, correct_answer, question_group_id, created_at, updated_at) VALUES ('Who most likely is the woman?', 53, '<p><b>Dịch đáp án:</b></p><p><span>Người phụ nữ có nhiều khả năng nhất là ai?</span></p><p><span>A. Thanh tra an toàn</span></p><p><span>B. Một khách hàng nước ngoài</span></p><p><span>C. Một vận động viên</span></p><p><span>D. Kế toán viên</span></p>', 'A safety inspector', 'An overseas client', 'An athlete', 'An accountant', 'D', 39, '2025-05-20 21:47:03', '2025-05-20 21:47:03');
INSERT INTO questions (question, question_number, explanation, A, B, C, D, correct_answer, question_group_id, created_at, updated_at) VALUES ('What does the woman tell the man about her ID card?', 54, '<p><b>Dịch đáp án:</b></p><p><span>Người phụ nữ nói gì với người đàn ông về chứng minh thư của cô ấy?</span></p><p><span>A. Nó đã hết hạn</span></p><p><span>B. Nó có ảnh sai</span></p><p><span>C. Tên cô ấy viết sai chính tả</span></p><p><span>D. Cô ấy quên mang theo</span></p>', 'It is expired', 'It has the wrong photo', 'Her name is misspelled', 'She forgot to bring it', 'C', 39, '2025-05-20 21:47:03', '2025-05-20 21:47:03');
INSERT INTO questions (question, question_number, explanation, A, B, C, D, correct_answer, question_group_id, created_at, updated_at) VALUES ('Why does the man say, "it normally takes a few days"?', 55, '<p><b>Dịch đáp án:</b></p><p><span>Tại sao người đàn ông lại nói, "thông thường phải mất vài ngày"?</span></p><p><span>A. Để từ chối một yêu cầu</span></p><p><span>B. Để giải quyết mối quan ngại</span></p><p><span>C. Khiếu nại về sự chậm trễ</span></p><p><span>D. Để thừa nhận một thành tựu</span></p>', 'To reject a request', 'To address a concern', 'To complain about a delay', 'To acknowledge an accomplishment', 'B', 39, '2025-05-20 21:47:03', '2025-05-20 21:47:03');
INSERT INTO question_groups (id, part, group_index, transcript, passage, toeic_test_id, created_at, updated_at) VALUES (40, 'part3', 39, '<div><div>W: Hi, 56your company must be new to this technology trade show – I''ve been attending for years and I''ve never seen your booth.</div><div>M1: You''re right – 57we''re a new start-up company...We''ve developed a voice-recognition software program. It understands spoken commands and can complete tasks.</div><div>W: Ah, I use a program like that. So... 58how''s your program different from all</div><div>the others?</div><div>M1: It’s the most advanced digital assistant on the market. Here – come and meet Antonio. He’s our lead software developer.</div><div>M2: Hi, I''m Antonio. 58Here''s a brochure. If you turn to the second page, there''s</div><div>an outline of the program''s advanced features... You won''t find those features anywhere else.</div> </div><div><div>W: Xin chào, công ty của ông hẳn là mới tham gia triển lãm thương mại công nghệ này – Tôi đã tham dự nhiều năm và chưa bao giờ nhìn thấy gian hàng của ông.</div><div>M1: Cô nói đúng – chúng tôi là một công ty mới thành lập... Chúng tôi đã phát triển một chương trình phần mềm nhận dạng giọng nói. Nó hiểu các lệnh bằng giọng nói và có thể hoàn thành những nhiệm vụ.</div><div>W: À, tôi sử dụng một chương trình như vậy. Vậy... phần mềm của ông gì với những phần mềm khác?</div><div>M1: Đây là trợ lý kỹ thuật số tiên tiến nhất trên thị trường. Đây – hãy đến gặp Antonio. Anh ấy là nhà phát triển phần mềm hàng đầu của chúng tôi.</div><div>M2: Xin chào, tôi là Antonio. Đây là một tập tài liệu. Nếu cô lật sang trang thứ hai, có một phác thảo về các tính năng cao cấp của chương trình... Cô sẽ không tìm thấy những tính năng đó ở bất kỳ nơi nào khác.</div> </div>', NULL, 1, '2025-05-20 21:47:03', '2025-05-20 21:47:03');
INSERT INTO question_medias (file_url, file_public_id, file_type, `order`, question_group_id, created_at, updated_at) VALUES ('https://s4-media1.study4.com/media/t24_media/sound/1619407464_1619429228.mp3', NULL, 'audio', NULL, 40, '2025-05-20 21:47:03', '2025-05-20 21:47:03');
INSERT INTO questions (question, question_number, explanation, A, B, C, D, correct_answer, question_group_id, created_at, updated_at) VALUES ('What type of event are the speakers attending?', 56, '<p><b>Dịch đáp án:</b></p><p><span>Các </span><span>người nói</span><span> sẽ tham dự loại sự kiện nào?</span></p><p><span>A. Triển lãm thương mại</span></p><p><span>B. Định hướng cho nhân viên mới</span></p><p><span>C. Một cuộc phỏng vấn người nổi tiếng</span></p><p><span>D. Khai trương</span></p>', 'A trade show', 'A new-hire orientation', 'A celebrity interview', 'A grand opening', 'A', 40, '2025-05-20 21:47:03', '2025-05-20 21:47:03');
INSERT INTO questions (question, question_number, explanation, A, B, C, D, correct_answer, question_group_id, created_at, updated_at) VALUES ('Where do the men work', 57, '<p><b>Dịch đáp án:</b></p><p><span>Đàn ông làm việc ở đâu</span></p><p><span>A. Tại một nhà sản xuất điện thoại di động</span></p><p><span>B. Tại một công ty phát triển phần mềm</span></p><p><span>C. Tại cửa hàng sửa chữa thiết bị</span></p><p><span>D. Tại công ty quảng cáo</span></p>', 'At a mobile phone manufacturer', 'At a software development company', 'At an appliance repair shop', 'At a advertising agency', 'B', 40, '2025-05-20 21:47:03', '2025-05-20 21:47:03');
INSERT INTO questions (question, question_number, explanation, A, B, C, D, correct_answer, question_group_id, created_at, updated_at) VALUES ('What will the woman most likely do next?', 58, '<p><b>Dịch đáp án:</b></p><p><span>Người phụ nữ rất có thể sẽ làm gì tiếp theo?</span></p><p><span>A. Trao đổi thông tin liên hệ</span></p><p><span>B. Tham khảo ý kiến ​​đồng nghiệp</span></p><p><span>C. Kiểm tra lịch trình</span></p><p><span>D. Nhìn vào một tập tài liệu</span></p>', 'Exchange contact infomation', 'Consult with a colleague', 'Check a schedule', 'Look at a brochure', 'D', 40, '2025-05-20 21:47:03', '2025-05-20 21:47:03');
INSERT INTO question_groups (id, part, group_index, transcript, passage, toeic_test_id, created_at, updated_at) VALUES (41, 'part3', 40, '<div><div>M: Noor! 59Exciting news! The company''s board of directors chose our research project to receive additional funding.</div><div>W: Oh – that''s great!</div><div>M: I know. So, 60let’s hire a new research assistant – like we''ve been talking about.</div><div>W: Hmm, 60even with the extra money, our budget''s going to be fairly limited.</div><div>M: But we need help cataloging all the data we''re collecting... You know, we could offer some part-time hours to local university students.</div><div>W: You’re right. 61I was on a project last year with some students, and they did</div><div>a good job.</div><div><br/></div> </div><div><div>M: Noor! Tin tốt đây! Ban giám đốc của công ty đã duyệt dự án nghiên cứu của</div><div>chúng ta được thêm tài trợ.</div><div>W: Ồ – thật tuyệt!</div><div>M: Tôi biết. Vì vậy, chúng ta hãy thuê một trợ lý nghiên cứu mới – giống như chúng ta đã đề cập.</div><div>W: Hừm, ngay cả khi có thêm tiền, ngân sách của chúng ta vẫn sẽ eo hẹp.</div><div>M: Nhưng chúng ta cần trợ giúp lập danh mục tất cả dữ liệu mà chúng ta đang thu thập... Bạn biết đấy, chúng ta có thể đưa ra một công việc bán thời gian cho sinh viên đại học địa phương.</div><div>W: Bạn nói đúng. Tôi đã tham gia một dự án vào năm ngoái với một số sinh viên, và họ đã làm tốt.</div> </div>', NULL, 1, '2025-05-20 21:47:03', '2025-05-20 21:47:03');
INSERT INTO question_medias (file_url, file_public_id, file_type, `order`, question_group_id, created_at, updated_at) VALUES ('https://s4-media1.study4.com/media/t24_media/sound/1619407464_1619429603.mp3', NULL, 'audio', NULL, 41, '2025-05-20 21:47:03', '2025-05-20 21:47:03');
INSERT INTO questions (question, question_number, explanation, A, B, C, D, correct_answer, question_group_id, created_at, updated_at) VALUES ('Why is men excited?', 59, '<p><b>Dịch đáp án:</b></p><p><span>Tại sao đàn ông lại hào hứng?</span></p><p><span>A. Anh ấy đã được thăng chức</span></p><p><span>B. Yêu cầu nghỉ phép của anh ấy đã được chấp thuận</span></p><p><span>C. Một bài báo nghiên cứu sẽ được xuất bản</span></p><p><span>D. Một dự án sẽ nhận được nguồn tài trợ bổ sung</span></p>', 'He has been promoted', 'His vacation request was approved', 'A research article will be published', 'A project will receive extra funding', 'D', 41, '2025-05-20 21:47:03', '2025-05-20 21:47:03');
INSERT INTO questions (question, question_number, explanation, A, B, C, D, correct_answer, question_group_id, created_at, updated_at) VALUES ('What does the woman mean when she says, "our budget''s going to be fairly limited"?', 60, '<p><b>Dịch đáp án:</b></p><p><span>Người phụ nữ có ý gì khi nói "ngân sách của chúng ta sắp khá hạn chế"?</span></p><p><span>A. Quyết định của công ty không có gì đáng ngạc nhiên</span></p><p><span>B. Nên tổ chức một buổi gây quỹ</span></p><p><span>C. Một số con số cần kiểm tra</span></p><p><span>D. Lời đề nghị của người đàn ông có thể không hiệu quả</span></p>', 'The company''s decision is not surprising', 'A fund-raiser should be organized', 'Some numbers need to be checked', 'The man''s suggestion may not work', 'D', 41, '2025-05-20 21:47:03', '2025-05-20 21:47:03');
INSERT INTO questions (question, question_number, explanation, A, B, C, D, correct_answer, question_group_id, created_at, updated_at) VALUES ('What does the woman say about local students?', 61, '<p><b>Dịch đáp án:</b></p><p><span>Người phụ nữ nói gì về sinh viên địa phương?</span></p><p><span>A. Cô ấy đã từng làm việc với họ trước đây</span></p><p><span>B. Cô ấy đang dạy kèm khoa học cho họ</span></p><p><span>C. Họ đang tham gia một hội nghị</span></p><p><span>D. Họ đã quyên góp rất nhiều</span></p>', 'She has worked with them before', 'She is tutoring them in science', 'The are participating in a conference', 'The have made serveral donations', 'A', 41, '2025-05-20 21:47:03', '2025-05-20 21:47:03');
INSERT INTO question_groups (id, part, group_index, transcript, passage, toeic_test_id, created_at, updated_at) VALUES (42, 'part3', 41, '<div><div>W: Hi, I''m here to pick up a cake for the Frayton Company.</div><div>M: Hmmm… I don’t see that name here. Maybe the cake was ordered under an individual’s name? Uh… I have a Richard…</div><div>W: Oh, 62I''m not sure which of my coworkers ordered it, but it should have the number 25 on it.</div><div>M: Oh, it must be this one </div><div>W: Yeah, that''s it. 63It''s for our company''s twenty-fifth anniversary celebration tonight. We''re very excited.</div><div>M: OK, your total is 40 dollars.</div><div>W: 64Can I use my phone to pay</div><div>M: Sorry, we''re not set up for that service yet. It''s just cash or credit card.</div> </div><div><div>M: Hừm… Tôi không thấy tên đó ở đây. Có thể chiếc bánh được đặt dưới tên của một cá nhân nào chăng? Ờ… Tôi có một cái tên Richard…</div><div>W: Ồ, tôi không chắc đồng nghiệp nào của tôi đã đặt nó, nhưng nó chắc chắn có số 25 trên đó.</div><div>M: Ồ, vậy phải là cái này rồi.</div><div>W: Đúng vậy. Nó dành cho lễ kỷ niệm 25 năm của công ty chúng tôi vào tối nay. Chúng tôi rất hào hứng.</div><div>M: Được rồi, tổng số tiền của cô là 40 đô la.</div><div>W: Tôi có thể thanh toán qua điện thoại được không?</div><div>M: Xin lỗi, chúng tôi chưa thiết lập dịch vụ đó. Chỉ có thể thanh toán tiền mặt hoặc thẻ tín dụng.</div> </div>', NULL, 1, '2025-05-20 21:47:03', '2025-05-20 21:47:03');
INSERT INTO question_medias (file_url, file_public_id, file_type, `order`, question_group_id, created_at, updated_at) VALUES ('https://s4-media1.study4.com/media/t24_media/sound/1619407464_1619429775.mp3', NULL, 'audio', NULL, 42, '2025-05-20 21:47:03', '2025-05-20 21:47:03');
INSERT INTO question_medias (file_url, file_public_id, file_type, `order`, question_group_id, created_at, updated_at) VALUES ('https://s4-media1.study4.com/media/gg_imgs/test/a58965c66e27e60ad1da696f4bab4ec8058f9664.jpg', NULL, 'image', 0, 42, '2025-05-20 21:47:03', '2025-05-20 21:47:03');
INSERT INTO questions (question, question_number, explanation, A, B, C, D, correct_answer, question_group_id, created_at, updated_at) VALUES ('Look at the graphic. Who placed the order the woman is picking up?', 62, '<p><b>Dịch đáp án:</b></p><p><span>Nhìn vào đồ họa. Ai đã đặt hàng mà người phụ nữ đang nhận hàng?</span></p><p><span>A. Richard</span></p><p><span>B. Alison</span></p><p><span>C. Tomas</span></p><p><span>D. Janet</span></p>', 'Richard', 'Alison', 'Tomas', 'Janet', 'C', 42, '2025-05-20 21:47:03', '2025-05-20 21:47:03');
INSERT INTO questions (question, question_number, explanation, A, B, C, D, correct_answer, question_group_id, created_at, updated_at) VALUES ('What event does the woman mention?', 63, '<p><b>Dịch đáp án:</b></p><p><span>Người phụ nữ đề cập đến sự kiện gì?</span></p><p><span>A. Một cuộc gặp gỡ khách hàng</span></p><p><span>B. Tiệc sinh nhật</span></p><p><span>C. Bữa tiệc nghỉ hưu</span></p><p><span>D. Lễ kỷ niệm</span></p>', 'A client meeting', 'A birhtday party', 'A retirement lucheon', 'An anniversary celebration', 'D', 42, '2025-05-20 21:47:03', '2025-05-20 21:47:03');
INSERT INTO questions (question, question_number, explanation, A, B, C, D, correct_answer, question_group_id, created_at, updated_at) VALUES ('What does the woman ask the man about?', 64, '<p><b>Dịch đáp án:</b></p><p><span>Người phụ nữ hỏi người đàn ông về điều gì?</span></p><p><span>A. Hình thức thanh toán</span></p><p><span>B. Dịch vụ giao hàng</span></p><p><span>C. Một tấm thiệp chúc mừng</span></p><p><span>D. Một thành phần</span></p>', 'A form of payment', 'A delivery service', 'A greeting card', 'An ingredient', 'A', 42, '2025-05-20 21:47:03', '2025-05-20 21:47:03');
INSERT INTO question_groups (id, part, group_index, transcript, passage, toeic_test_id, created_at, updated_at) VALUES (43, 'part3', 42, '<div><div>M: Hello, this is Samir from Rumsford Dental Clinic. I’m calling to confirm your appointment tomorrow at eight forty-five.</div><div>W: Oh no! I forgot… 65I have a meeting tomorrow morning at work. Can I reschedule for later in the day?</div><div>M: Uh… let’s see… We have another opening at three in the afternoon.</div><div>W: That’s perfect. 66What’s your address again?</div><div>M: Actually, 66we’ve moved since your last appointment. We’re still on Blevin Road, but now we’re at number 47, at the intersection with Shara Lane. You’ll see a café across the street.</div><div>W: Great, thanks. 66I’ll be there tomorrow.</div><div>M: And 67please arrive ten minutes early so we can update your records.</div> </div><div><div>M: Xin chào, đây là Samir đến từ Phòng khám Nha khoa Rumsford. Tôi đang gọi để xác nhận cuộc hẹn ngày mai của cô lúc 8 giờ 45.</div><div>W: Ôi không! Tôi quên mất... Tôi có một cuộc họp vào sáng mai ở cơ quan. Tôi có thể đặt lịch lại muộn hơn trong ngày được không?</div><div>M: Ờ… để xem… Chúng tôi có một lịch trống khác lúc 3 giờ chiều.</div><div>W: Điều đó thật hoàn hảo. Cho tôi xin lại địa chỉ của bạn nhé?</div><div>M: Thực ra, chúng tôi đã dời đi kể từ cuộc hẹn cuối cùng của cô. Chúng tôi vẫn đang ở trên Đường Blevin, nhưng hiện tại chúng tôi đang ở số 47, tại giao lộ với Đường Shara. Cô sẽ thấy một quán cà phê bên kia đường.</div><div>W: Thật tuyệt, cảm ơn. Ngày mai tôi sẽ đến đó.</div><div>M: Và hãy đến sớm 10 phút để chúng tôi có thể cập nhật hồ sơ của cô.</div> </div>', NULL, 1, '2025-05-20 21:47:03', '2025-05-20 21:47:03');
INSERT INTO question_medias (file_url, file_public_id, file_type, `order`, question_group_id, created_at, updated_at) VALUES ('https://s4-media1.study4.com/media/t24_media/sound/1619407464_1619430126.mp3', NULL, 'audio', NULL, 43, '2025-05-20 21:47:03', '2025-05-20 21:47:03');
INSERT INTO question_medias (file_url, file_public_id, file_type, `order`, question_group_id, created_at, updated_at) VALUES ('https://s4-media1.study4.com/media/gg_imgs/test/61cb85d0975c242c673078bfbea18e28597b09b1.jpg', NULL, 'image', 0, 43, '2025-05-20 21:47:03', '2025-05-20 21:47:03');
INSERT INTO questions (question, question_number, explanation, A, B, C, D, correct_answer, question_group_id, created_at, updated_at) VALUES ('Why does the woman ask to reschedule her appointment?', 65, '<p><b>Dịch đáp án:</b></p><p><span>Tại sao người phụ nữ yêu cầu dời lại cuộc hẹn của mình?</span></p><p><span>A. Cô ấy phải sửa xe</span></p><p><span>B. Cô ấy đang đi thăm một người bạn</span></p><p><span>C. Cô ấy có một cuộc họp kinh doanh</span></p><p><span>D. Cô ấy cần đến ngân hàng</span></p>', 'She has to have her car repaired', 'She is visiting a friend', 'She has a business meeting', 'She needs to go to to the bank', 'C', 43, '2025-05-20 21:47:03', '2025-05-20 21:47:03');
INSERT INTO questions (question, question_number, explanation, A, B, C, D, correct_answer, question_group_id, created_at, updated_at) VALUES ('Look at the graphic. Where will the woman most likely go tomorrow?', 66, '<p><b>Dịch đáp án:</b></p><p><span>Nhìn vào đồ họa. Ngày mai người phụ nữ có nhiều khả năng sẽ đi đâu nhất?</span></p><p><span>A. Đến địa điểm A</span></p><p><span>B. Đến địa điểm B</span></p><p><span>C. Đến địa điểm C</span></p><p><span>D. Đến địa điểm D</span></p>', 'To location A', 'To location B', 'To location C', 'To location D', 'B', 43, '2025-05-20 21:47:03', '2025-05-20 21:47:03');
INSERT INTO questions (question, question_number, explanation, A, B, C, D, correct_answer, question_group_id, created_at, updated_at) VALUES ('What does the man ask the woman to do?', 67, '<p><b>Dịch đáp án:</b></p><p><span>Người đàn ông yêu cầu người phụ nữ làm gì?</span></p><p><span>A. Trả trước một khoản phí</span></p><p><span>B. Đăng ký trực tuyến</span></p><p><span>C. Hoàn thành khảo sát</span></p><p><span>D. Đến văn phòng sớm</span></p>', 'Pay a fee in advance', 'Register online', 'Complete a survey', 'Come to an office early', 'D', 43, '2025-05-20 21:47:03', '2025-05-20 21:47:03');
INSERT INTO question_groups (id, part, group_index, transcript, passage, toeic_test_id, created_at, updated_at) VALUES (44, 'part3', 43, '<div><div>W: Rohan, 68do you have a minute to look at this price list? It''s for the newspaper ad for the flower shop. We have to decide how large we want our ad to be.</div><div>M: Sure. Hmm, if we did a full page, we''d have to go with black and white, because color would be too expensive. </div><div>W: You''re right, but 69,70a color ad that shows our flowers will really grab readers'' attention.</div><div>M: OK... well, 70in that case, what if we try a quarter-page ad? We''ve never used newspaper advertising before, so it''ll be a good way to see if it''s successful.</div><div><br/></div> </div><div><div>W: Rohan, bạn có thời gian để xem bảng giá này không? Nó dành cho quảng cáo trên báo cho cửa hàng hoa. Chúng ta phải quyết định xem chúng ta muốn quảng cáo của mình có kích thước như thế nào.</div><div>M: Chắc chắn rồi. Hừm, nếu chúng ta làm một trang đầy đủ, chúng ta sẽ phải sử dụng màu đen và trắng, vì màu sắc sẽ quá đắt.</div><div>W: Bạn nói đúng, nhưng một quảng cáo in màu về hoa của chúng ta sẽ thực sự thu hút chú ý của độc giả.</div><div>M: Được thôi... chà, trong trường hợp đó, nếu chúng ta thử một quảng cáo dài một phần tư trang thì sao? Chúng ta chưa bao giờ sử dụng quảng cáo trên báo trước đây, vì vậy đó sẽ là một cách tốt để xem nó có thành công hay không. </div><div><br/></div> </div>', NULL, 1, '2025-05-20 21:47:03', '2025-05-20 21:47:03');
INSERT INTO question_medias (file_url, file_public_id, file_type, `order`, question_group_id, created_at, updated_at) VALUES ('https://s4-media1.study4.com/media/t24_media/sound/1619407464_1619430478.mp3', NULL, 'audio', NULL, 44, '2025-05-20 21:47:03', '2025-05-20 21:47:03');
INSERT INTO question_medias (file_url, file_public_id, file_type, `order`, question_group_id, created_at, updated_at) VALUES ('https://s4-media1.study4.com/media/gg_imgs/test/df7ad25f47ae870b339ee9bbff43f09a0e944b61.jpg', NULL, 'image', 0, 44, '2025-05-20 21:47:03', '2025-05-20 21:47:03');
INSERT INTO questions (question, question_number, explanation, A, B, C, D, correct_answer, question_group_id, created_at, updated_at) VALUES ('Where do the speakers work?', 68, '<p><b>Dịch đáp án:</b></p><p><span>Người nói làm việc ở đâu?</span></p><p><span>A. Tại một cửa hàng hoa</span></p><p><span>B. Tại một công ty bất động sản</span></p><p><span>C. Tại cửa hàng sơn</span></p><p><span>D. Tại nhà xuất bản báo</span></p>', 'At a flower shop', 'At a real estate company', 'At a paint store', 'At a newspaper publisher', 'A', 44, '2025-05-20 21:47:03', '2025-05-20 21:47:03');
INSERT INTO questions (question, question_number, explanation, A, B, C, D, correct_answer, question_group_id, created_at, updated_at) VALUES ('What does the woman say about color advertisements?', 69, '<p><b>Dịch đáp án:</b></p><p><span>Người phụ nữ nói gì về quảng cáo màu sắc?</span></p><p><span>A. Khó thiết kế</span></p><p><span>B. Thầy thu hút nhiều sự chú ý hơn</span></p><p><span>C. Có thể gửi bằng điện tử</span></p><p><span>D. Họ nên sử dụng màu sắc cụ thể</span></p>', 'The are difficult to design', 'Thay attract more attention', 'The can be sent electronically', 'They should use specific colors', 'B', 44, '2025-05-20 21:47:03', '2025-05-20 21:47:03');
INSERT INTO questions (question, question_number, explanation, A, B, C, D, correct_answer, question_group_id, created_at, updated_at) VALUES ('Look at the graphic. How much will the speakers pay for their advertisement?', 70, '<p><b>Dịch đáp án:</b></p><p><span>Nhìn vào đồ họa. Các </span><span>người nói</span><span> sẽ trả bao nhiêu cho quảng cáo của họ?</span></p><p><span>A. $300</span></p><p><span>B. $500</span></p><p><span>C. $250</span></p><p><span>D. $400</span></p>', '$300', '$500', '$250', '$400', 'D', 44, '2025-05-20 21:47:03', '2025-05-20 21:47:03');
INSERT INTO question_groups (id, part, group_index, transcript, passage, toeic_test_id, created_at, updated_at) VALUES (45, 'part4', 44, '<div><div>M: 71Are you a coffee drinker? Are you tired of your old coffee maker? 72Well, Peterson Industries is running a focus group next month, and we''re currently looking for volunteers to try out our newest coffee and espresso maker. You''ll have a chance to provide feedback and tell us what you think of the coffee maker''s features. And 73as a bonus for your participation, you''ll receive a coupon for 50 percent off the coffee maker once it hits the shelves. To sign up, visit our Web site.</div> </div><div><div>M: Bạn có phải là người thích uống cà phê không? Bạn cảm thấy mệt mỏi với chiếc máy pha cà phê cũ của mình rồi à? Chà, Peterson Industries sẽ điều hành một nhóm tập trung vào tháng sau và chúng tôi hiện đang tìm kiếm các tình nguyện viên để dùng thử máy pha cà phê và cà phê espresso mới nhất của chúng tôi. Bạn sẽ có cơ hội cung cấp phản hồi và cho chúng tôi biết suy nghĩ của bạn về các tính năng của máy pha cà phê. Và như một phần thưởng cho sự tham gia của bạn, bạn sẽ nhận được phiếu giảm giá 50% cho máy pha cà phê khi nó lên kệ. Để đăng ký, hãy truy cập trang web của chúng tôi.</div> </div>', NULL, 1, '2025-05-20 21:47:03', '2025-05-20 21:47:03');
INSERT INTO question_medias (file_url, file_public_id, file_type, `order`, question_group_id, created_at, updated_at) VALUES ('https://s4-media1.study4.com/media/t24_media/sound/1619407464_1619667031.mp3', NULL, 'audio', NULL, 45, '2025-05-20 21:47:03', '2025-05-20 21:47:03');
INSERT INTO questions (question, question_number, explanation, A, B, C, D, correct_answer, question_group_id, created_at, updated_at) VALUES ('What type of prodcut is being discussed?', 71, '<p><b>Dịch đáp án:</b></p><p><span>Loại sản phẩm cùng loại nào đang được thảo luận?</span></p><p><span>A. Máy pha cà phê</span></p><p><span>B. Lò vi sóng</span></p><p><span>C. Máy sưởi di động</span></p><p><span>D. Máy lọc nước</span></p>', 'A coffee maker', 'A microwave oven', 'A portable heater', 'A water filter', 'A', 45, '2025-05-20 21:47:03', '2025-05-20 21:47:03');
INSERT INTO questions (question, question_number, explanation, A, B, C, D, correct_answer, question_group_id, created_at, updated_at) VALUES ('What is the purpose of ther advertisement?', 72, '<p><b>Dịch đáp án:</b></p><p><span>Mục đích của quảng cáo đó là gì?</span></p><p><span>A. Để tiết lộ ngày phát hành sản phẩm</span></p><p><span>B. Để công bố một cuộc thi tài năng</span></p><p><span>C. Để tìm tình nguyện viên cho một nhóm tập trung</span></p><p><span>D. Để giải thích chi tiết về bảo hành</span></p>', 'To reveal a product release date', 'To announce a talent show', 'To find volunteers for a focus group', 'To explain details of a warranty', 'C', 45, '2025-05-20 21:47:03', '2025-05-20 21:47:03');
INSERT INTO questions (question, question_number, explanation, A, B, C, D, correct_answer, question_group_id, created_at, updated_at) VALUES ('What bonus is mentioned?', 73, '<p><b>Dịch đáp án:</b></p><p><span>Phần thưởng nào được đề cập?</span></p><p><span>A. Một vé xổ số</span></p><p><span>B. Một phiếu giảm giá</span></p><p><span>C. Hoàn trả chi phí đi lại</span></p><p><span>D. Miễn phí vận chuyển</span></p>', 'A raffle ticket', 'A coupon', 'Travel reimbursement', 'Free shipping', 'B', 45, '2025-05-20 21:47:03', '2025-05-20 21:47:03');
INSERT INTO question_groups (id, part, group_index, transcript, passage, toeic_test_id, created_at, updated_at) VALUES (46, 'part4', 45, '<div><div>W: Hello, it''s Lena. 74My flight''s been delayed because of bad weather, and I''m stuck at the airport here in Vancouver. Anyway, 75I don''t think I''ll make it back to work tomorrow. The clients from Spain are coming in at two o''clock and I won''t be able to meet with them. Fortunately for us, Paul lived in Spain for ten years! 76Could you stop by his office, explain the situation, and give him the client agenda?</div> </div><div><div>W: Xin chào, tôi là Lena. Chuyến bay của tôi bị hoãn vì thời tiết xấu và tôi bị kẹt ở sân bay ở Vancouver. Dù sao, tôi không nghĩ rằng tôi sẽ kịp trở lại làm việc vào ngày mai. Các khách hàng từ Tây Ban Nha sẽ đến lúc hai giờ trưa và tôi sẽ không thể gặp họ.  May mắn thay cho chúng tôi, Paul đã sống ở Tây Ban Nha được 10 năm! Bạn có thể ghé qua văn phòng của anh ấy, giải thích tình hình và đưa cho anh ấy chương trình làm việc của khách hàng được không?</div> </div>', NULL, 1, '2025-05-20 21:47:03', '2025-05-20 21:47:03');
INSERT INTO question_medias (file_url, file_public_id, file_type, `order`, question_group_id, created_at, updated_at) VALUES ('https://s4-media1.study4.com/media/t24_media/sound/1619407464_1619667205.mp3', NULL, 'audio', NULL, 46, '2025-05-20 21:47:03', '2025-05-20 21:47:03');
INSERT INTO questions (question, question_number, explanation, A, B, C, D, correct_answer, question_group_id, created_at, updated_at) VALUES ('Where is the speaker?', 74, '<p><b>Dịch đáp án:</b></p><p><span>Người nói ở đâu?</span></p><p><span>A. Tại một khách sạn</span></p><p><span>B. Tại công ty du lịch</span></p><p><span>C. Trên tàu</span></p><p><span>D. Ở sân bay</span></p>', 'At a hotel', 'At a travel agency', 'On a train', 'In an airport', 'D', 46, '2025-05-20 21:47:03', '2025-05-20 21:47:03');
INSERT INTO questions (question, question_number, explanation, A, B, C, D, correct_answer, question_group_id, created_at, updated_at) VALUES ('What will happen at the company tomorrow?', 75, '<p><b>Dịch đáp án:</b></p><p><span>Điều gì sẽ xảy ra ở công ty vào ngày mai?</span></p><p><span>A. Đồ nội thất mới sẽ đến</span></p><p><span>B. Một số khách hàng sẽ ghé thăm</span></p><p><span>C. Một nhân viên mới sẽ được giới thiệu</span></p><p><span>D. Một số phần mềm máy tính sẽ được cập nhật</span></p>', 'New furniture will arrive', 'Some clients will visit', 'A new employee will be introduced', 'Some computer software will be updated', 'B', 46, '2025-05-20 21:47:03', '2025-05-20 21:47:03');
INSERT INTO questions (question, question_number, explanation, A, B, C, D, correct_answer, question_group_id, created_at, updated_at) VALUES ('Why does the speaker say, "Paul lived in Spain for ten years"?', 76, '<p><b>Dịch đáp án:</b></p><p><span>Tại sao người nói nói, "Paul sống ở Tây Ban Nha được mười năm"?</span></p><p><span>A. Để giới thiệu một đồng nghiệp cho một nhiệm vụ</span></p><p><span>B. Để gợi ý địa điểm du lịch</span></p><p><span>C. Để bày tỏ sự ngạc nhiên về một ngày kỷ niệm</span></p><p><span>D. Để sửa lỗi nhập dữ liệu</span></p>', 'To recommend a colleague for a task', 'To suggest a travel destination', 'To express suprise about an anniversary date', 'To correct a data-entry error', 'A', 46, '2025-05-20 21:47:03', '2025-05-20 21:47:03');
INSERT INTO question_groups (id, part, group_index, transcript, passage, toeic_test_id, created_at, updated_at) VALUES (47, 'part4', 46, '<div><div>W: 77To begin today''s staff meeting, I''m happy to announce that our plans to create an outdoor work area have been finalized. When the project is completed, there''ll be individual workstations and tables for small group meetings. 78If you want to see what the space will look like, there''s an architectural layout posted on our company''s home page. Be sure to let us know if you have any questions or concerns. 79Some of you have already expressed concern about accessing the Internet outside. I can assure you... wireless Internet connectivity will be available.</div> </div><div><div>W: Để bắt đầu cuộc họp nhân viên hôm nay, tôi vui mừng thông báo rằng kế hoạch tạo khu vực làm việc ngoài trời của chúng ta đã được chốt. Khi dự án hoàn thành, sẽ có các bàn làm việc cá nhân và bàn riêng cho các cuộc họp nhóm nhỏ. Nếu bạn muốn xem không gian sẽ như thế nào, có một bản vẽ kiến trúc được đăng trên trang chủ của công ty chúng ta. Đừng quên báo cho chúng tôi biết nếu bạn có bất kỳ câu hỏi hoặc thắc mắc nào. Một số người đã bày tỏ lo lắng về việc truy cập Internet bên ngoài. Tôi có thể đảm bảo với các bạn... kết nối Internet không dây sẽ có sẵn.</div> </div>', NULL, 1, '2025-05-20 21:47:03', '2025-05-20 21:47:03');
INSERT INTO question_medias (file_url, file_public_id, file_type, `order`, question_group_id, created_at, updated_at) VALUES ('https://s4-media1.study4.com/media/t24_media/sound/1619407464_1619667398.mp3', NULL, 'audio', NULL, 47, '2025-05-20 21:47:03', '2025-05-20 21:47:03');
INSERT INTO questions (question, question_number, explanation, A, B, C, D, correct_answer, question_group_id, created_at, updated_at) VALUES ('What is the announcement about?', 77, '<p><b>Dịch đáp án:</b></p><p><span>Thông báo nói về cái gì?</span></p><p><span>A. Đội ngũ bán hàng mới</span></p><p><span>B. Không gian làm việc ngoài trời</span></p><p><span>C. Văn phòng chi nhánh</span></p><p><span>D. Một chiến dịch tiếp thị</span></p>', 'A new sales team', 'An outdoor work space', 'A branch office', 'A marketing campaign', 'B', 47, '2025-05-20 21:47:03', '2025-05-20 21:47:03');
INSERT INTO questions (question, question_number, explanation, A, B, C, D, correct_answer, question_group_id, created_at, updated_at) VALUES ('What can the listeners find on the company Web site?', 78, '<p><b>Dịch đáp án:</b></p><p><span>Người nghe có thể tìm thấy gì trên trang web của công ty?</span></p><p><span>A. Một bài báo</span></p><p><span>B. Video trình diễn</span></p><p><span>C. Sơ đồ kiến ​​trúc</span></p><p><span>D. Chính sách sửa đổi</span></p>', 'A newspaper article', 'A video demostration', 'An architectural plan', 'A revised policy', 'C', 47, '2025-05-20 21:47:03', '2025-05-20 21:47:03');
INSERT INTO questions (question, question_number, explanation, A, B, C, D, correct_answer, question_group_id, created_at, updated_at) VALUES ('According to the speaker, what have some people expressed concern about?', 79, '<p><b>Dịch đáp án:</b></p><p><span>Theo </span><span>người nói</span><span>, một số người bày tỏ lo ngại về điều gì?</span></p><p><span>A. Lịch làm việc</span></p><p><span>B. Ngày hoàn thành</span></p><p><span>C. Kết nối Internet</span></p><p><span>D. Chỗ đỗ xe</span></p>', 'A work schedule', 'A completion date', 'Internet connectivity', 'Parking avilablity', 'C', 47, '2025-05-20 21:47:03', '2025-05-20 21:47:03');
INSERT INTO question_groups (id, part, group_index, transcript, passage, toeic_test_id, created_at, updated_at) VALUES (48, 'part4', 47, '<div><div>W: 80It''s almost the end of our tour of China''s most magnificent cities. I hope you''re enjoying every moment with us at Hao Nan Tour Company. Now then, let''s talk about tomorrow. 81We''ll be joining a boat trip down the Li River. Not surprisingly, tickets are sold out! 81Luckily, this is included in our tour package. Finally, 82don''t forget to bring your tour ID card with you everywhere we go, so that you can get the discounts and perks that we''ve arranged for you with local businesses.</div> </div><div><div>W: Chuyến tham quan các thành phố tráng lệ nhất của Trung Quốc đã gần như kết thúc. Tôi hy vọng các bạn đang tận hưởng từng khoảnh khắc với chúng tôi tại Công ty Lữ hành Hao Nan. Bây giờ, chúng ta hãy nói về lịch trình ngày mai. Chúng ta sẽ tham gia một chuyến du ngoạn bằng thuyền trên sông Li. Không có gì ngạc nhiên khi vé đã được bán hết! May mắn thay, việc mua vé đã bao gồm trong gói du lịch của chúng ta. Cuối cùng, đừng quên mang theo thẻ du lịch của các bạn ở mọi nơi chúng ta đến, để các bạn có thể nhận được các chiết khấu và đặc quyền mà chúng tôi đã sắp xếp cho các bạn với những doanh nghiệp địa phương.</div> </div>', NULL, 1, '2025-05-20 21:47:03', '2025-05-20 21:47:03');
INSERT INTO question_medias (file_url, file_public_id, file_type, `order`, question_group_id, created_at, updated_at) VALUES ('https://s4-media1.study4.com/media/t24_media/sound/1619407464_1619682428.mp3', NULL, 'audio', NULL, 48, '2025-05-20 21:47:03', '2025-05-20 21:47:03');
INSERT INTO questions (question, question_number, explanation, A, B, C, D, correct_answer, question_group_id, created_at, updated_at) VALUES ('Where are the listeners?', 80, '<p><b>Dịch đáp án:</b></p><p><span>Người nghe ở đâu?</span></p><p><span>A. Tại một triển lãm thương mại</span></p><p><span>B. Tại bữa tiệc gây quỹ</span></p><p><span>C. Trong chuyến đi nghỉ dưỡng của công ty</span></p><p><span>D. Trong chuyến tham quan thành phố</span></p>', 'At a trade show', 'At a fund-rasing banquet', 'On a company retreat', 'On a city tour', 'D', 48, '2025-05-20 21:47:03', '2025-05-20 21:47:03');
INSERT INTO questions (question, question_number, explanation, A, B, C, D, correct_answer, question_group_id, created_at, updated_at) VALUES ('What does the speaker imply when she says, "tickets are sold out"?', 81, '<p><b>Dịch đáp án:</b></p><p><span>Người nói có ý gì khi nói "vé đã bán hết"?</span></p><p><span>A. Một sự kiện đã được lên lịch lại</span></p><p><span>B. Một hoạt động phổ biến</span></p><p><span>C. Phòng vé đóng cửa</span></p><p><span>D. Sẽ được hoàn lại tiền</span></p>', 'An event has been rescheduled', 'An activity is popular', 'A ticket office is closed', 'A refund will be issued', 'B', 48, '2025-05-20 21:47:03', '2025-05-20 21:47:03');
INSERT INTO questions (question, question_number, explanation, A, B, C, D, correct_answer, question_group_id, created_at, updated_at) VALUES ('What does the speaker remind the listeners to bring?', 82, '<p><b>Dịch đáp án:</b></p><p><span>Người nói nhắc nhở người nghe mang theo điều gì?</span></p><p><span>A. Một chiếc ô</span></p><p><span>B. Một đôi giày thoải mái</span></p><p><span>C. Thẻ căn cước</span></p><p><span>D. Biên lai thanh toán</span></p>', 'An umbrella', 'A pair of comfortable shoes', 'An identification card', 'A receipt for payment', 'C', 48, '2025-05-20 21:47:03', '2025-05-20 21:47:03');
INSERT INTO question_groups (id, part, group_index, transcript, passage, toeic_test_id, created_at, updated_at) VALUES (49, 'part4', 48, '<div><div>M: Don''t have time to shop for groceries? Well, you''re in luck. 83Your Food Cart is a new online service that delivers groceries from your local supermarket. In less than five minutes, you''ll be able to place an order to have groceries brought right to your door. 84To get started, create an account at  <a href="http://www.yourfoodcart.com.">www.yourfoodcart.com.</a> Then you can select the groceries you''d like and a delivery time. Our team will shop for you and bring the groceries to your home. And that''s not all: 85if you place your first order before the end of this month, you''ll receive a complimentary bag of locally grown apples. Don''t wait; try Your Food Cart today!</div> </div><div><div>M: Bạn không có thời gian đi mua hàng? Chà, bạn đang gặp may đấy. Your Food Cart là một dịch vụ trực tuyến mới cung cấp hàng tạp hóa từ siêu thị địa phương của bạn. Trong vòng chưa đầy năm phút, , bạn có thể đặt đơn hàng tạp hóa được giao đến tận nhà. Để bắt đầu, hãy tạo một tài khoản tại địa chỉ www.yourfoodcart.com. Sau đó, bạn có thể chọn hàng bạn muốn và thời gian giao hàng. Đội ngũ của chúng tôi sẽ mua sắm cho bạn và mang hàng tạp hóa đến nhà bạn. Và đó không phải là tất cả: nếu bạn đặt đơn hàng đầu tiên trước cuối tháng này, bạn sẽ nhận được một túi táo trồng tại địa phương miễn phí. Đừng chờ đợi; hãy thử Your Food Cart ngay hôm nay!</div> </div>', NULL, 1, '2025-05-20 21:47:03', '2025-05-20 21:47:03');
INSERT INTO question_medias (file_url, file_public_id, file_type, `order`, question_group_id, created_at, updated_at) VALUES ('https://s4-media1.study4.com/media/t24_media/sound/1619407464_1619682624.mp3', NULL, 'audio', NULL, 49, '2025-05-20 21:47:03', '2025-05-20 21:47:03');
INSERT INTO questions (question, question_number, explanation, A, B, C, D, correct_answer, question_group_id, created_at, updated_at) VALUES ('What kind of service is being advertised?', 83, '<p><b>Dịch đáp án:</b></p><p><span>Loại dịch vụ nào đang được quảng cáo?</span></p><p><span>A. Vệ sinh văn phòng</span></p><p><span>B. Nghề may</span></p><p><span>C. Giao hàng tạp hóa</span></p><p><span>D. Cảnh quan</span></p>', 'Office cleaning', 'Tailoring', 'Grocery delivery', 'Landscaping', 'C', 49, '2025-05-20 21:47:03', '2025-05-20 21:47:03');
INSERT INTO questions (question, question_number, explanation, A, B, C, D, correct_answer, question_group_id, created_at, updated_at) VALUES ('How can the listeners start using a service?', 84, '<p><b>Dịch đáp án:</b></p><p><span>Người nghe có thể bắt đầu sử dụng dịch vụ bằng cách nào?</span></p><p><span>A. Bằng cách ghé thăm một cửa hàng địa phương</span></p><p><span>B. Bằng cách đặt lịch tư vấn</span></p><p><span>C. Bằng cách gọi đến một số điện thoại</span></p><p><span>D. Bằng cách tạo một tài khoản trực tuyến</span></p>', 'By visiting a local shop', 'By scheduling a consultation', 'By calling a telephone number', 'By creating an account online', 'D', 49, '2025-05-20 21:47:03', '2025-05-20 21:47:03');
INSERT INTO questions (question, question_number, explanation, A, B, C, D, correct_answer, question_group_id, created_at, updated_at) VALUES ('What special promotion is available?', 85, '<p><b>Dịch đáp án:</b></p><p><span>Có khuyến mãi đặc biệt gì?</span></p><p><span>A. Một món quà miễn phí</span></p><p><span>B. Đảm bảo hoàn lại tiền</span></p><p><span>C. Nâng cấp thành viên</span></p><p><span>D. Báo giá cá nhân</span></p>', 'A free gift', 'A money-back guarantee', 'A membership upgrade', 'A personalized price quote', 'A', 49, '2025-05-20 21:47:03', '2025-05-20 21:47:03');
INSERT INTO question_groups (id, part, group_index, transcript, passage, toeic_test_id, created_at, updated_at) VALUES (50, 'part4', 49, '<div><div>M: 86I’d like to welcome Mei Wang, the new staff writer for the arts and culture section of our magazine. For the past five years, Ms. Wang was the lead reporter for the local newspaper in her hometown. Even though she wrote for a small newspaper, 87I think you might recognize her name. In January, she won a prestigious national award for her news story about community theaters in small towns. I''m sure you all are eager to get to know Ms. Wang better. So, 88we''ll be holding a luncheon for her today, and everyone is invited. Please stop by the conference room at noon for soup and sandwiches.</div> </div><div><div>M: Tôi muốn chào mừng Mei Wang, ký giả mới cho mảng văn hóa và nghệ thuật của tạp chí chúng ta. Trong 5 năm qua, cô Wang là phóng viên chính của tờ báo địa phương ở quê nhà. Mặc dù cô ấy viết cho một tờ báo nhỏ, tôi nghĩ rằng các bạn có thể biết tên cô ấy. Vào tháng 1, cô ấy đã giành được một giải thưởng quốc gia danh giá cho câu chuyện tin tức về các rạp hát cộng đồng ở các thị trấn nhỏ. Tôi chắc rằng tất cả các bạn đều mong muốn được hiểu rõ hơn về cô Wang. Vì vậy, chúng ta sẽ tổ chức một bữa tiệc trưa cho cô ấy hôm nay, và mọi người đều được mời. Vui lòng ghé qua phòng hội nghị vào 12 giờ trưa để thưởng thức súp và bánh mì.</div><div><br/></div> </div>', NULL, 1, '2025-05-20 21:47:03', '2025-05-20 21:47:03');
INSERT INTO question_medias (file_url, file_public_id, file_type, `order`, question_group_id, created_at, updated_at) VALUES ('https://s4-media1.study4.com/media/t24_media/sound/1619407464_1619682853.mp3', NULL, 'audio', NULL, 50, '2025-05-20 21:47:03', '2025-05-20 21:47:03');
INSERT INTO questions (question, question_number, explanation, A, B, C, D, correct_answer, question_group_id, created_at, updated_at) VALUES ('What is the purpose of the talk?', 86, '<p><b>Dịch đáp án:</b></p><p><span>Mục đích của cuộc nói chuyện là gì?</span></p><p><span>A. Cảm ơn tình nguyện viên dự án</span></p><p><span>B. Để giải thích lịch trình sự kiện</span></p><p><span>C. Để giới thiệu nhân viên mới</span></p><p><span>D. Chào mừng một diễn giả khách mời</span></p>', 'To thank project volunteers', 'To explain an event schedule', 'To introduce a new employee', 'To welcome a guest speaker', 'C', 50, '2025-05-20 21:47:03', '2025-05-20 21:47:03');
INSERT INTO questions (question, question_number, explanation, A, B, C, D, correct_answer, question_group_id, created_at, updated_at) VALUES ('According to the speaker, why might the listeners be familiar with Ms.Wang?', 87, '<p><b>Dịch đáp án:</b></p><p><span>Theo người nói, tại sao người nghe có thể quen thuộc với cô </span><span>Wang</span><span>?</span></p><p><span>A. Cô ấy đóng vai chính trong một chương trình truyền hình</span></p><p><span>B. Cô ấy đã giành được giải thưởng báo chí</span></p><p><span>C. Cô ấy từng là thực tập sinh tại công ty</span></p><p><span>D. Cô ấy có người thân làm việc cho công ty</span></p>', 'She starred in a television show', 'She won a journalism award', 'She used to be an intern at the company', 'She has relatives who work for the company', 'B', 50, '2025-05-20 21:47:03', '2025-05-20 21:47:03');
INSERT INTO questions (question, question_number, explanation, A, B, C, D, correct_answer, question_group_id, created_at, updated_at) VALUES ('What event are the listeners encouraged to attend?', 88, '<p><b>Dịch đáp án:</b></p><p><span>Sự kiện nào người nghe được khuyến khích tham dự?</span></p><p><span>A. Cuộc họp hội đồng quản trị</span></p><p><span>B. Một buổi biểu diễn sân khấu</span></p><p><span>C. Một buổi tập</span></p><p><span>D. Bữa trưa của nhân viên</span></p>', 'A board meeting', 'A theater performance', 'A training session', 'A staff luncheon', 'D', 50, '2025-05-20 21:47:03', '2025-05-20 21:47:03');
INSERT INTO question_groups (id, part, group_index, transcript, passage, toeic_test_id, created_at, updated_at) VALUES (51, 'part4', 50, '<div><div>W: And in local news, here''s a reminder from the Grantson Community Center about their fund- raising event this Saturday evening. 89The center is holding a comedy festival featuring some of the area’s most well-known comedians. 90Proceeds from the event will help support the center''s project to improve its building. They want to raise funds to paint colorful murals on the outside walls. So come on down and enjoy the show. 91The center''s also looking for a few volunteers to help set up the sound equipment for the show. If you''re able to help with that, please give them a call.</div> </div><div><div>W: Và giờ là tin tức địa phương, lời nhắc từ Trung tâm Cộng đồng Grantson về sự kiện gây quỹ của họ vào tối thứ bảy này. Trung tâm sẽ tổ chức một lễ hội hài kịch với sự góp mặt của một số nghệ sĩ hài nổi tiếng nhất khu vực. Tiền thu được từ sự kiện này sẽ giúp hỗ trợ dự án của trung tâm để cải thiện tòa nhà của họ. Họ muốn gây quỹ để vẽ những bức tranh bích họa đầy màu sắc trên các bức tường bên ngoài. Vì vậy, hãy đến và thưởng thức chương trình. Trung tâm cũng đang tìm kiếm một số tình nguyện viên để giúp lắp đặt thiết bị âm thanh cho buổi biểu diễn. Nếu bạn có thể trợ giúp việc đó, vui lòng gọi cho họ.</div> </div>', NULL, 1, '2025-05-20 21:47:03', '2025-05-20 21:47:03');
INSERT INTO question_medias (file_url, file_public_id, file_type, `order`, question_group_id, created_at, updated_at) VALUES ('https://s4-media1.study4.com/media/t24_media/sound/1619407464_1619683014.mp3', NULL, 'audio', NULL, 51, '2025-05-20 21:47:03', '2025-05-20 21:47:03');
INSERT INTO questions (question, question_number, explanation, A, B, C, D, correct_answer, question_group_id, created_at, updated_at) VALUES ('Who will be featured at Saturday''s event?', 89, '<p><b>Dịch đáp án:</b></p><p><span>Ai sẽ xuất hiện tại sự kiện ngày thứ Bảy?</span></p><p><span>A. Nhà điêu khắc</span></p><p><span>B. Nhạc sĩ</span></p><p><span>C. Tác giả</span></p><p><span>D. Diễn viên hài</span></p>', 'Sculptors', 'Musicians', 'Authors', 'Comedians', 'D', 51, '2025-05-20 21:47:03', '2025-05-20 21:47:03');
INSERT INTO questions (question, question_number, explanation, A, B, C, D, correct_answer, question_group_id, created_at, updated_at) VALUES ('What is money being raised for?', 90, '<p><b>Dịch đáp án:</b></p><p><span>Tiền được quyên góp để làm gì?</span></p><p><span>A. Chương trình sau giờ học</span></p><p><span>B. Một giải đấu thể thao</span></p><p><span>C. Dự án cải tạo tòa nhà</span></p><p><span>D. Phòng khám sức khỏe</span></p>', 'An after-school program', 'A sports tournament', 'A building improvement project', 'A health clinic', 'C', 51, '2025-05-20 21:47:03', '2025-05-20 21:47:03');
INSERT INTO questions (question, question_number, explanation, A, B, C, D, correct_answer, question_group_id, created_at, updated_at) VALUES ('Why are volunteers needed?', 91, '<p><b>Dịch đáp án:</b></p><p><span>Tại sao cần tình nguyện viên?</span></p><p><span>A. Để thiết lập thiết bị</span></p><p><span>B. Bán vé</span></p><p><span>C. Tặng thực phẩm</span></p><p><span>D. Chỉ đạo giao thông</span></p>', 'To set up equipment', 'To sell tickets', 'To donate food', 'To direct traffic', 'A', 51, '2025-05-20 21:47:03', '2025-05-20 21:47:03');
INSERT INTO question_groups (id, part, group_index, transcript, passage, toeic_test_id, created_at, updated_at) VALUES (52, 'part4', 51, '<div><div>W: Hi, Omar. 92This is Anusha from Berringer Media Productions. I''m editing the video you wanted made. And, 93after reviewing the film, I, uh, I think we should change some of the colors so that the contrast is more noticeable. I went ahead and created a version with the new colors. Now, 94I know  you were hoping to view a draft this afternoon. But, unfortunately, I''m having some trouble uploading the file. 94So, I''ll call you with an update tomorrow.</div> </div><div><div>W: Chào Omar. Tôi là Anusha ở công ty Berringer Media Productions. Tôi đang chỉnh sửa video mà bạn muốn thực hiện. Và, sau khi xem lại bộ phim, tôi nghĩ chúng ta nên thay đổi một số màu sắc để sự tương phản dễ nhận thấy hơn. Tôi đã tiếp tục và tạo ra một phiên bản với các màu mới. Bây giờ, tôi biết bạn đã muốn xem một bản thảo chiều nay. Tuy nhiên, rất tiếc, tôi đang gặp một số sự cố khi tải tập tin lên. Do đó, tôi sẽ gọi cho bạn để báo tình hình vào ngày mai.</div> </div>', NULL, 1, '2025-05-20 21:47:03', '2025-05-20 21:47:03');
INSERT INTO question_medias (file_url, file_public_id, file_type, `order`, question_group_id, created_at, updated_at) VALUES ('https://s4-media1.study4.com/media/t24_media/sound/1619407464_1619683218.mp3', NULL, 'audio', NULL, 52, '2025-05-20 21:47:03', '2025-05-20 21:47:03');
INSERT INTO questions (question, question_number, explanation, A, B, C, D, correct_answer, question_group_id, created_at, updated_at) VALUES ('Which field does the speaker most likely work in?', 92, '<p><b>Dịch đáp án:</b></p><p><span>Người nói</span><span> có khả năng làm việc trong lĩnh vực nào nhất?</span></p><p><span>A. Sản xuất phim</span></p><p><span>B. Thiết kế nội thất</span></p><p><span>C. Lập trình máy tính</span></p><p><span>D. Báo chí phát sóng</span></p>', 'Film production', 'Interior design', 'Computer programming', 'Broadcast journalism', 'A', 52, '2025-05-20 21:47:03', '2025-05-20 21:47:03');
INSERT INTO questions (question, question_number, explanation, A, B, C, D, correct_answer, question_group_id, created_at, updated_at) VALUES ('What improvement did the speaker make?', 93, '<p><b>Dịch đáp án:</b></p><p><span>Người nói đã thực hiện cải tiến gì?</span></p><p><span>A. Cô ấy đã thuê thêm nhân viên</span></p><p><span>B. Cô ấy đã sử dụng phần mềm khác</span></p><p><span>C. Cô ấy đã thay đổi một số màu sắc</span></p><p><span>D. Cô ấy đã nói chuyện với một chuyên gia</span></p>', 'She hired more staff', 'She used different software', 'She changed some colors', 'She talked to a specialist', 'C', 52, '2025-05-20 21:47:03', '2025-05-20 21:47:03');
INSERT INTO questions (question, question_number, explanation, A, B, C, D, correct_answer, question_group_id, created_at, updated_at) VALUES ('Why does the speaker say, "I''m having some trouble uploading the file"?', 94, '<p><b>Dịch đáp án:</b></p><p><span>Tại sao người nói lại nói: "Tôi gặp một số khó khăn khi tải tệp lên"?</span></p><p><span>A. Để yêu cầu một số thiết bị mới</span></p><p><span>B. Khiếu nại về một chính sách</span></p><p><span>C. Để nhờ giúp đỡ</span></p><p><span>D. Để giải thích sự chậm trễ</span></p>', 'To request some new equipment', 'To complain about a policy', 'To ask for help', 'To explain a delay', 'D', 52, '2025-05-20 21:47:03', '2025-05-20 21:47:03');
INSERT INTO question_groups (id, part, group_index, transcript, passage, toeic_test_id, created_at, updated_at) VALUES (53, 'part4', 52, '<div><p>M: Good job, everyone. Today''s endof-season sale was a huge success, and you all did a good job assisting customers. 95We''re almost completely sold-out of winter accessories. There are only a few gloves and scarves left, and coats are selling well. This is great because 96we''re expecting the first shipment of spring clothes next Tuesday. We really need to clear out as much space on our shelves as possible. There''s been one change to tomorrow''s schedule – 97Patrick will be out, so I''ll be filling in for him myself.<br/></p></div><div><div>M: Làm tốt lắm mọi người. Đợt giảm giá cuối mùa hôm nay đã thành công rực rỡ và tất cả các bạn đã làm rất tốt việc hỗ trợ khách hàng. Chúng ta gần như đã bán hết các phụ kiện mùa đông. Chỉ còn một số ít găng tay và khăn quàng cổ, còn áo choàng đang bán rất chạy. Điều này thật tuyệt vì chúng ta đang đợi lô đầu tiên quần áo mùa xuân đầu tiên vào thứ ba tới. Chúng ta thực sự cần phải giải phóng càng nhiều không gian trên kệ càng tốt. Có một sự thay đổi đối với lịch trình ngày mai – Patrick sẽ không ở đây, vì vậy chính tôi sẽ làm thay ca cho anh ấy.</div> </div>', NULL, 1, '2025-05-20 21:47:03', '2025-05-20 21:47:03');
INSERT INTO question_medias (file_url, file_public_id, file_type, `order`, question_group_id, created_at, updated_at) VALUES ('https://s4-media1.study4.com/media/t24_media/sound/1619407464_1619683403.mp3', NULL, 'audio', NULL, 53, '2025-05-20 21:47:03', '2025-05-20 21:47:03');
INSERT INTO question_medias (file_url, file_public_id, file_type, `order`, question_group_id, created_at, updated_at) VALUES ('https://s4-media1.study4.com/media/gg_imgs/test/ae805312eeff672fd9cd61ba78f736a77701bae5.jpg', NULL, 'image', 0, 53, '2025-05-20 21:47:03', '2025-05-20 21:47:03');
INSERT INTO questions (question, question_number, explanation, A, B, C, D, correct_answer, question_group_id, created_at, updated_at) VALUES ('Where does the speaker most likely work?', 95, '<p><b>Dịch đáp án:</b></p><p><span>Người nói có khả năng làm việc ở đâu nhất?</span></p><p><span>A. Tại hiệu sách</span></p><p><span>B. Tại cửa hàng điện tử</span></p><p><span>C. Tại một cửa hàng đồ gia dụng</span></p><p><span>D. Tại cửa hàng quần áo</span></p>', 'At a bookshop', 'At an electronics store', 'At a home-improvement store', 'At a clothing store', 'D', 53, '2025-05-20 21:47:03', '2025-05-20 21:47:03');
INSERT INTO questions (question, question_number, explanation, A, B, C, D, correct_answer, question_group_id, created_at, updated_at) VALUES ('What will happen next Tuesday?', 96, '<p><b>Dịch đáp án:</b></p><p><span>Điều gì sẽ xảy ra vào thứ ba tới?</span></p><p><span>A. Hàng mới sẽ đến</span></p><p><span>B. Cửa hàng sẽ đóng cửa nghỉ lễ</span></p><p><span>C. Nhân viên mới sẽ bắt đầu làm việc</span></p><p><span>D. Một người quản lý khu vực sẽ đến thăm</span></p>', 'New inventory will arrive', 'The store will close for a holiday', 'New employees will begin working', 'A district manager will visit', 'A', 53, '2025-05-20 21:47:03', '2025-05-20 21:47:03');
INSERT INTO questions (question, question_number, explanation, A, B, C, D, correct_answer, question_group_id, created_at, updated_at) VALUES ('Look at the graphic. What job will the speaker do tomorrow?', 97, '<p><b>Dịch đáp án:</b></p><p><span>Nhìn vào đồ họa. Người nói sẽ làm công việc gì vào ngày mai?</span></p><p><span>A. Người chào hỏi</span></p><p><span>B. Đại diện bán hàng</span></p><p><span>C. Nhân viên thu ngân</span></p><p><span>D. Nhân viên kho</span></p>', 'Greeter', 'Sales representative', 'Cashier', 'Stock clerk', 'C', 53, '2025-05-20 21:47:03', '2025-05-20 21:47:03');
INSERT INTO question_groups (id, part, group_index, transcript, passage, toeic_test_id, created_at, updated_at) VALUES (54, 'part4', 53, '<div><p>M: Hi, Salma. This is Alberto. 98I''m still out of town training staff at our store in Manila. I''ll here training them until the end of this week. I just remembered that 99I was supposed to place the order for printer cartridges for our offices, but I forgot to do that. Would you be able to order them? You can find the item number for the printer cartridges on the list on my desk. Oh, one more thing... 100Can you let me know when you''re available next week? We need to start interviewing for a new receptionist when I get back to the office. Thanks!<br/></p></div><div><div>M: Chào, Salma. Đây là Alberto. Tôi vẫn đang ở ngoài thành phố để đào tạo nhân viên tại cửa hàng của chúng ta ở Manila. Tôi sẽ đào tạo họ ở đây cho đến cuối tuần này. Tôi vừa nhớ rằng tôi đã phải đặt hộp mực máy in cho văn phòng của chúng ta, nhưng tôi đã quên làm điều đó. Bạn có thể đặt chúng không? Bạn có thể tìm thấy mã số món hàng của hộp mực máy in trong danh sách trên bàn làm việc của tôi. Ồ, còn một điều nữa... Bạn có thể cho tôi biết tuần sau bạn rảnh khi nào? Chúng ta cần bắt đầu phỏng vấn cho một nhân viên lễ tân mới khi tôi trở lại văn phòng. Cảm ơn!</div> </div>', NULL, 1, '2025-05-20 21:47:03', '2025-05-20 21:47:03');
INSERT INTO question_medias (file_url, file_public_id, file_type, `order`, question_group_id, created_at, updated_at) VALUES ('https://s4-media1.study4.com/media/t24_media/sound/1619407464_1619683565.mp3', NULL, 'audio', NULL, 54, '2025-05-20 21:47:03', '2025-05-20 21:47:03');
INSERT INTO question_medias (file_url, file_public_id, file_type, `order`, question_group_id, created_at, updated_at) VALUES ('https://s4-media1.study4.com/media/gg_imgs/test/29448e5a951a692374769e380b6ca987e9c5e97b.jpg', NULL, 'image', 0, 54, '2025-05-20 21:47:03', '2025-05-20 21:47:03');
INSERT INTO questions (question, question_number, explanation, A, B, C, D, correct_answer, question_group_id, created_at, updated_at) VALUES ('Why is the speaker traveling?', 98, '<p><b>Dịch đáp án:</b></p><p><span>Tại sao người nói lại đi du lịch?</span></p><p><span>A. Anh ấy đang đi nghỉ</span></p><p><span>B. Anh ấy đang giao hàng</span></p><p><span>C. Anh ấy đang kiểm tra tài sản</span></p><p><span>D. Anh ấy đang tiến hành đào tạo</span></p>', 'He is taking a vacation', 'He is making a delivery', 'He is inspecting properties', 'He is conducting training', 'D', 54, '2025-05-20 21:47:03', '2025-05-20 21:47:03');
INSERT INTO questions (question, question_number, explanation, A, B, C, D, correct_answer, question_group_id, created_at, updated_at) VALUES ('Look at the graphic. Which item number should the listener order?', 99, '<p><b>Dịch đáp án:</b></p><p><span>Nhìn vào đồ họa. Người nghe nên đặt hàng món hàng nào?</span></p><p><span>A. NT-105</span></p><p><span>B. FF-200</span></p><p><span>C. A-888</span></p><p><span>D. C-250</span></p>', 'NT-105', 'FF-200', 'A-888', 'C-250', 'A', 54, '2025-05-20 21:47:03', '2025-05-20 21:47:03');
INSERT INTO questions (question, question_number, explanation, A, B, C, D, correct_answer, question_group_id, created_at, updated_at) VALUES ('What does the speaker say will happen next week?', 100, '<p><b>Dịch đáp án:</b></p><p><span>Người nói nói điều gì sẽ xảy ra vào tuần tới?</span></p><p><span>A. Một số giá sẽ được giảm giá</span></p><p><span>B. Một số người xin việc sẽ được phỏng vấn</span></p><p><span>C. Một sản phẩm mới sẽ được phát hành</span></p><p><span>D. Văn phòng sẽ chuyển đến địa điểm mới</span></p><p><span>Năm ngoái, nó đã thu hút hơn 3.000 người tham dự từ Úc và khắp nơi trên thế giới.</span></p>', 'Some prices will be discounted', 'Some job applicants will be interviewed', 'A new product will be released', 'An office will move to a new location', 'B', 54, '2025-05-20 21:47:03', '2025-05-20 21:47:03');
INSERT INTO question_groups (id, part, group_index, transcript, passage, toeic_test_id, created_at, updated_at) VALUES (55, 'part5', 54, NULL, NULL, 1, '2025-05-20 21:47:03', '2025-05-20 21:47:03');
INSERT INTO questions (question, question_number, explanation, A, B, C, D, correct_answer, question_group_id, created_at, updated_at) VALUES ('Mr. Sokolov_____a positive review of this stay at the Olana Hotel', 101, '<p><span>Giải thích: Câu thiếu động từ chính với chủ ngữ là ngôi thứ 3 số ít nên loại A, loại C vì không thể hiện thì. Có tân ngữ nên loại đáp án D (thể bị động). Đáp án đúng là B.</span></p><p><span>Dịch: Ông Sokolov đã viết 1 lời bình luận tích cực về việc lưu trú ở của ông ấy tại khách sạn </span><span>Olana</span><span><br/>Từ vựng:<br/>- positive (adj): tích cực &gt;&lt; negative (adj): tiêu cực<br/>- stay (v,n): nghỉ lại, việc lưu trú</span></p>', 'write', 'wrote', 'writing', 'was written', 'B', 55, '2025-05-20 21:47:03', '2025-05-20 21:47:03');
INSERT INTO question_groups (id, part, group_index, transcript, passage, toeic_test_id, created_at, updated_at) VALUES (56, 'part5', 55, NULL, NULL, 1, '2025-05-20 21:47:03', '2025-05-20 21:47:03');
INSERT INTO questions (question, question_number, explanation, A, B, C, D, correct_answer, question_group_id, created_at, updated_at) VALUES ('The manager often leads new employees through the safety procedures_____', 102, '<p><span>Giải thích: Câu đã đủ thành phần, chọn đại từ phản thân.</span></p><p><span>Dịch: Người quản lý thường tự mình hướng dẫn cho những nhân viên mới về quy trình an toàn</span></p><p><span>Từ vựng:</span></p><p><span>- lead (v): dẫn dắt</span></p><p><span>- procedure (n): quy trình, thủ tục</span></p>', 'her', 'herself', 'hers', 'she', 'B', 56, '2025-05-20 21:47:03', '2025-05-20 21:47:03');
INSERT INTO question_groups (id, part, group_index, transcript, passage, toeic_test_id, created_at, updated_at) VALUES (57, 'part5', 56, NULL, NULL, 1, '2025-05-20 21:47:03', '2025-05-20 21:47:03');
INSERT INTO questions (question, question_number, explanation, A, B, C, D, correct_answer, question_group_id, created_at, updated_at) VALUES ('The corporate fitness center is equipped_____fourteen stationary bicycles', 103, '<p><span>Giải thích: sử dụng cấu trúc "be equipped + with" nghĩa là "được trang bị (với)"</span></p><p><span>Dịch: Trung tâm thể dục của tập đoàn được trang bị 14 máy đạp xe đạp</span></p><p><span>Từ vựng:</span></p><p><span>- corporate (n): tập đoàn</span></p><p><span>- stationary bicycle (n) : máy đạp xe đạp</span></p><p><span>- at (pre) ở tại (vị trí) vào lúc (thời gian)</span></p><p><span>- on (pre) ở trên (vị trí), vào lúc, khi (thời gian)</span></p><p><span>- about (prep) về cái gì đó (adv) khoảng</span></p>', 'at', 'on', 'with', 'about', 'C', 57, '2025-05-20 21:47:03', '2025-05-20 21:47:03');
INSERT INTO question_groups (id, part, group_index, transcript, passage, toeic_test_id, created_at, updated_at) VALUES (58, 'part5', 57, NULL, NULL, 1, '2025-05-20 21:47:03', '2025-05-20 21:47:03');
INSERT INTO questions (question, question_number, explanation, A, B, C, D, correct_answer, question_group_id, created_at, updated_at) VALUES ('Professor Phuong will go over the use of the laboratory____with the interns next week', 104, '<p><span>Giải thích: laboratory instrument: dụng cụ phòng thí nghiệm</span></p><p><span>Dịch: Giáo sư Phuong sẽ kiểm tra cách sử dụng của các dụng cụ phòng thí nghiệm với các thực tập sinh vào tuần sau.</span></p><p><span>Từ vựng:</span></p><p><span>- professor (n) giáo sư</span></p><p><span>- intern (n) thực tập sinh</span></p><p><span>- be instrumental in </span><span>VING</span><span>/N: góp công trong việc</span></p>', 'instruments', 'instrumental', 'instrumentally', 'instrumented', 'A', 58, '2025-05-20 21:47:03', '2025-05-20 21:47:03');
INSERT INTO question_groups (id, part, group_index, transcript, passage, toeic_test_id, created_at, updated_at) VALUES (59, 'part5', 58, NULL, NULL, 1, '2025-05-20 21:47:03', '2025-05-20 21:47:03');
INSERT INTO questions (question, question_number, explanation, A, B, C, D, correct_answer, question_group_id, created_at, updated_at) VALUES ('Arnby Cable_____$25 to all Internet subscribers after the weeklong service interruption', 105, '<p><span>Giải thích: Dựa trên nghĩa để chọn.</span></p><p><span>Dịch: Cáp Amby đã hoàn trả 25 đô cho toàn bộ người đăng ký internet sau sự gián đoạn dịch vụ kéo dài cả tuần.</span></p><p><span>Từ vựng:</span></p><p><span>- subscriber (n): người đăng ký</span></p><p><span>- interruption (n): sự gián đoạn</span></p><p><span>- refund (v): hoàn trả tiền</span></p><p><span>- divide ... into (v): chia ... thành</span></p><p><span>- deposit (v): đặt cọc, ký quỹ</span></p><p><span>- </span><span>accepted</span><span> (v) chấp thuận</span></p>', 'refunded', 'accepted', 'divided', 'deposited', 'A', 59, '2025-05-20 21:47:03', '2025-05-20 21:47:03');
INSERT INTO question_groups (id, part, group_index, transcript, passage, toeic_test_id, created_at, updated_at) VALUES (60, 'part5', 59, NULL, NULL, 1, '2025-05-20 21:47:03', '2025-05-20 21:47:03');
INSERT INTO questions (question, question_number, explanation, A, B, C, D, correct_answer, question_group_id, created_at, updated_at) VALUES ('The board of directors will meet next Monday to examine the current hiring____', 106, '<p><span>Giải thích: Dựa trên nghĩa để chọn</span></p><p><span>Dịch: Ban giám đốc sẽ họp vào thứ hai tuần sau để kiểm tra chính sách tuyển dụng hiện tại.</span></p><p><span>Từ vựng:</span></p><p><span>- examine (v): kiểm tra</span></p><p><span>- current (adj): hiện tại</span></p><p><span>- assembly (n): sự lắp ráp</span></p><p><span>- intent (n): ý định</span></p><p><span>- policy (n): chính sách</span></p>', 'purpose', 'intent', 'assembly', 'policy', 'D', 60, '2025-05-20 21:47:03', '2025-05-20 21:47:03');
INSERT INTO question_groups (id, part, group_index, transcript, passage, toeic_test_id, created_at, updated_at) VALUES (61, 'part5', 60, NULL, NULL, 1, '2025-05-20 21:47:03', '2025-05-20 21:47:03');
INSERT INTO questions (question, question_number, explanation, A, B, C, D, correct_answer, question_group_id, created_at, updated_at) VALUES ('Passengers should not leave their seats____a flight attendant gives them permissinon to do so', 107, '<p><span>Giải thích: Dựa trên nghĩa để chọn</span></p><p><span>Dịch: Các hành khách không được rời khỏi ghế của họ trừ khi các tiếp viên hàng không cho phép họ làm vậy.</span></p><p><span>Từ vựng:</span></p><p><span>- permission (n): sự cho phép</span></p><p><span>- passenger (n): hành khách</span></p><p><span>- flight attendant (n): tiếp viên hàng không</span></p><p><span>- unless + MD. trừ khi</span></p><p><span>- rather + adj/adv (adv): khá</span></p><p><span>- instead (adv): thay vào đó</span></p><p><span>- otherwise (adv): mặt khác</span></p>', 'unless', 'reather', 'instead', 'otherwise', 'A', 61, '2025-05-20 21:47:03', '2025-05-20 21:47:03');
INSERT INTO question_groups (id, part, group_index, transcript, passage, toeic_test_id, created_at, updated_at) VALUES (62, 'part5', 61, NULL, NULL, 1, '2025-05-20 21:47:03', '2025-05-20 21:47:03');
INSERT INTO questions (question, question_number, explanation, A, B, C, D, correct_answer, question_group_id, created_at, updated_at) VALUES ('The goal of the committee was to evaluate the company''s bylaws and offer____for improvement', 108, '<p><span>Giải thích: Dựa trên nghĩa để chọn</span></p><p><span>Dịch: Mục tiêu của ủy ban là đánh giá những luật lệ của công ty và đề xuất những đổi mới cho sự cải thiện</span></p><p><span>Từ vựng:</span></p><p><span>- committee (n): ủy ban</span></p><p><span>- evaluate (n): đánh giá</span></p><p><span>- renewal (n): sự đổi mới/gia hạn</span></p><p><span>- registration (n): sự đăng ký</span></p><p><span>- recommendations (n): sự khuyến nghị</span></p><p><span>- reimbursement (n): sự bồi thường</span></p>', 'renewals', 'registrations', 'recommendations', 'reimbursements', 'C', 62, '2025-05-20 21:47:03', '2025-05-20 21:47:03');
INSERT INTO question_groups (id, part, group_index, transcript, passage, toeic_test_id, created_at, updated_at) VALUES (63, 'part5', 62, NULL, NULL, 1, '2025-05-20 21:47:03', '2025-05-20 21:47:03');
INSERT INTO questions (question, question_number, explanation, A, B, C, D, correct_answer, question_group_id, created_at, updated_at) VALUES ('The building''s new ventilation system circulates heat much____than before', 109, '<p><span>Giải thích: much là trạng từ dùng để nhấn mạnh so sánh hơn.</span></p><p><span>Dịch: Hệ thống thông gió mới của tòa nhà luân chuyển nhiệt đồng đều hơn trước đây.</span></p><p><span>Từ vựng:</span></p><p><span>- ventilation (n): sự thông gió</span></p><p><span>- circulate (v): lưu hành, tuần hoàn</span></p><p><span>- evenly (adv): đồng đề</span><span>u</span></p>', 'even', 'most even', 'evenly', 'more evenly', 'D', 63, '2025-05-20 21:47:03', '2025-05-20 21:47:03');
INSERT INTO question_groups (id, part, group_index, transcript, passage, toeic_test_id, created_at, updated_at) VALUES (64, 'part5', 63, NULL, NULL, 1, '2025-05-20 21:47:03', '2025-05-20 21:47:03');
INSERT INTO questions (question, question_number, explanation, A, B, C, D, correct_answer, question_group_id, created_at, updated_at) VALUES ('Glowood Appliances promises customers their money back____they are not satisfied with their purchase', 110, '<p><span>Giải thích: Dựa trên nghĩa để chọn</span></p><p><span>Dịch: Công ty thiết bị Glowood hứa hoàn lại tiền của khách hàng nếu họ không hài lòng với đơn hàng mua sắm của họ.</span></p><p><span>Từ vựng:</span></p><p><span>- be satisfied with: hài lòng với</span></p><p><span>- promise (v,n): hứa/cam kết</span></p>', 'while', 'and', 'if', 'then', 'C', 64, '2025-05-20 21:47:03', '2025-05-20 21:47:03');
INSERT INTO question_groups (id, part, group_index, transcript, passage, toeic_test_id, created_at, updated_at) VALUES (65, 'part5', 64, NULL, NULL, 1, '2025-05-20 21:47:03', '2025-05-20 21:47:03');
INSERT INTO questions (question, question_number, explanation, A, B, C, D, correct_answer, question_group_id, created_at, updated_at) VALUES ('The theater doors will close and the show will start at precisely 8:00 p.m., so guests are reminded to be____', 111, '<p><span>Giải thích: Dựa trên nghĩa để chọn</span></p><p><span>Dịch: Nhà hát sẽ đóng cửa và buổi biểu diễn sẽ bắt đầu đúng 8 giờ tối , vì vậy các khán giả được nhắc nhở là phải đúng giờ</span></p><p><span>Từ vựng:</span></p><p><span>- precisely (adv): chính xác</span></p><p><span>- remind (v): nhắc nhở</span></p><p><span>- </span><span>puntual</span><span> (adj): đúng giờ</span></p><p><span>- rapid (adj): nhanh chóng</span></p><p><span>- sudden (adj): đột ngột</span></p><p><span>- instant (adj): tức thì</span></p>', 'rapid', 'sudden', 'punctual', 'instant', 'C', 65, '2025-05-20 21:47:03', '2025-05-20 21:47:03');
INSERT INTO question_groups (id, part, group_index, transcript, passage, toeic_test_id, created_at, updated_at) VALUES (66, 'part5', 65, NULL, NULL, 1, '2025-05-20 21:47:03', '2025-05-20 21:47:03');
INSERT INTO questions (question, question_number, explanation, A, B, C, D, correct_answer, question_group_id, created_at, updated_at) VALUES ('All vacation requests must be made to your supervisor____the requested date', 112, '<p><span>Giải thích: Dựa trên nghĩa để chọn</span></p><p><span>Dịch: Tất cả các yêu cầu xin nghỉ phải được gửi cho giám sát viên trước ngày xin nghỉ.</span></p><p><span>Từ vựng:</span></p><p><span>- vacation (n): nghỉ phép/kỳ nghỉ</span></p><p><span>- prior to = before (adj): trước</span></p><p><span>- except for (v): ngoại trừ</span></p><p><span>- previously (adv): trước đây</span></p>', 'prior to', 'except for', 'previously', 'because', 'A', 66, '2025-05-20 21:47:03', '2025-05-20 21:47:03');
INSERT INTO question_groups (id, part, group_index, transcript, passage, toeic_test_id, created_at, updated_at) VALUES (67, 'part5', 66, NULL, NULL, 1, '2025-05-20 21:47:03', '2025-05-20 21:47:03');
INSERT INTO questions (question, question_number, explanation, A, B, C, D, correct_answer, question_group_id, created_at, updated_at) VALUES ('Most banks now offer clients the option of receiving their statements electronically or____mail', 113, '<p><span>Giải thích: by + phương thức di chuyển/giao tiếp</span></p><p><span>Dịch: Đa số các ngân hàng hiện cung cấp cho các khách hàng lựa chọn nhận các sao kê ngân hàng điện tử hoặc bằng đường bưu điện.</span></p><p><span>Từ vựng:</span></p><p><span>- statement (</span><span>n</span><span>): sao kê ngân hàng</span></p><p><span>- electronically (adv): bằng điện tử</span></p>', 'from', 'of', 'in', 'by', 'D', 67, '2025-05-20 21:47:03', '2025-05-20 21:47:03');
INSERT INTO question_groups (id, part, group_index, transcript, passage, toeic_test_id, created_at, updated_at) VALUES (68, 'part5', 67, NULL, NULL, 1, '2025-05-20 21:47:03', '2025-05-20 21:47:03');
INSERT INTO questions (question, question_number, explanation, A, B, C, D, correct_answer, question_group_id, created_at, updated_at) VALUES ('Construction at Langhall Plaza is going so well that shops might open before expected___date', 114, '<p><span>Giải thích: Dựa trên nghĩa để chọn</span></p><p><span>Dịch: Việc xây dựng tại </span><span>Langhall</span><span> Plaza đang tiến triển tốt cho nên các cửa hàng có thể mở cửa trước ngày hoàn thành dự kiến.</span></p><p><span>Từ vựng:</span></p><p><span>- construction (n): việc xây dựng</span></p><p><span>- expected (adj): được dự kiến</span></p><p><span>- completion (n): sự hoàn thành</span></p><p><span>- selection (n): sự lựa chọn</span></p><p><span>- decision (n): sự định đoạt</span></p>', 'completion', 'selection', 'decision', 'option', 'A', 68, '2025-05-20 21:47:03', '2025-05-20 21:47:03');
INSERT INTO question_groups (id, part, group_index, transcript, passage, toeic_test_id, created_at, updated_at) VALUES (69, 'part5', 68, NULL, NULL, 1, '2025-05-20 21:47:03', '2025-05-20 21:47:03');
INSERT INTO questions (question, question_number, explanation, A, B, C, D, correct_answer, question_group_id, created_at, updated_at) VALUES ('Kohmek, Inc., is seeking a suitable site____the construction of its electronics factory', 115, '<p><span>Giải thích: suitable for : phù hợp cho</span></p><p><span>Dịch: Tập đoàn </span><span>Kohmek</span><span> đang tìm kiếm một địa điểm thích hợp cho việc xây dựng nhà máy sản xuất đồ điện tử của họ.</span></p><p><span>Từ vựng:</span></p><p><span>- seek (v): tìm kiếm</span></p><p><span>- electronics (n): đồ điện tử</span></p>', 'for', 'so', 'to', 'more', 'A', 69, '2025-05-20 21:47:03', '2025-05-20 21:47:03');
INSERT INTO question_groups (id, part, group_index, transcript, passage, toeic_test_id, created_at, updated_at) VALUES (70, 'part5', 69, NULL, NULL, 1, '2025-05-20 21:47:03', '2025-05-20 21:47:03');
INSERT INTO questions (question, question_number, explanation, A, B, C, D, correct_answer, question_group_id, created_at, updated_at) VALUES ('Studies show that the average audience forms its___of the speaker within the first few seconds of the presentation', 116, '<p><span>Giải thích: sau tính từ sở hữu its chọn N</span></p><p><span>Dịch: Các nghiên cứu chỉ ra trung bình khán giả hình thành ấn tượng của họ về các người diễn thuyết trong vài giây đầu của buổi thuyết trình.</span></p><p><span>Từ vựng:</span></p><p><span>- study (n): nghiên cứu</span></p><p><span>- average (v,n): trung bình</span></p><p><span>- audience (n): khán giả</span></p><p><span>- impression (n): sự ấn tượng</span></p><p><span>- presentation (n): bài thuyết trình.</span></p>', 'impress', 'impressive', 'impressively', 'impression', 'D', 70, '2025-05-20 21:47:03', '2025-05-20 21:47:03');
INSERT INTO question_groups (id, part, group_index, transcript, passage, toeic_test_id, created_at, updated_at) VALUES (71, 'part5', 70, NULL, NULL, 1, '2025-05-20 21:47:03', '2025-05-20 21:47:03');
INSERT INTO questions (question, question_number, explanation, A, B, C, D, correct_answer, question_group_id, created_at, updated_at) VALUES ('Mr. Culter has been asked to _____ domestic sales of low-calorie beverages', 117, '<p><span>Giải thích: Dựa trên nghĩa để chọn</span></p><p><span>Dịch: Ông Cutler đã được yêu cầu giám sát doanh số bán hàng nội địa của các thức uống ít năng lượng</span></p><p><span>Từ vựng:</span></p><p><span>- ask someone to V: yêu cầu ai làm gì</span></p><p><span>- domestic (adj): nội địa</span></p><p><span>- oversee = supervise (v): giám sát</span></p><p><span>- succeed (v): thành công</span></p><p><span>- possess (v): sở hữu</span></p><p><span>- persist (v): kiên trì</span></p>', 'oversee', 'possess', 'succeed', 'persist', 'A', 71, '2025-05-20 21:47:03', '2025-05-20 21:47:03');
INSERT INTO question_groups (id, part, group_index, transcript, passage, toeic_test_id, created_at, updated_at) VALUES (72, 'part5', 71, NULL, NULL, 1, '2025-05-20 21:47:03', '2025-05-20 21:47:03');
INSERT INTO questions (question, question_number, explanation, A, B, C, D, correct_answer, question_group_id, created_at, updated_at) VALUES ('Cranford Culinary Academy offers 35 different classes for ____chefs', 118, '<p><span>Giải thích: aspiring + N chỉ người: người có khao khát, đang xây dựng sự nghiệp</span></p><p><span>Dịch: Học viện ẩm thực Cranford cung cấp 35 lớp học khác nhau cho những người muốn trở thành đầu bếp.</span></p><p><span>Từ vựng:</span></p><p><span>- culinary (adj): thuộc về ẩm thực</span></p><p><span>- academy (n): học viện</span></p>', 'aspires', 'aspirations', 'aspiring', 'to aspire', 'C', 72, '2025-05-20 21:47:03', '2025-05-20 21:47:03');
INSERT INTO question_groups (id, part, group_index, transcript, passage, toeic_test_id, created_at, updated_at) VALUES (73, 'part5', 72, NULL, NULL, 1, '2025-05-20 21:47:03', '2025-05-20 21:47:03');
INSERT INTO questions (question, question_number, explanation, A, B, C, D, correct_answer, question_group_id, created_at, updated_at) VALUES ('____, items sold at the Scottville Craft Fair are unique and of very high quality', 119, '<p><span>Giải thích: Dựa trên nghĩa để chọn</span></p><p><span>Dịch: Thường thì, các mặt hàng bán tại hội chợ đồ thủ công Scottville là độc đáo và có chất lượng rất cao</span></p><p><span>Từ vựng:</span></p><p><span>- fair (n): hội chợ</span></p><p><span>- </span><span>uniqure</span><span> (adj): độc đáo</span></p><p><span>- fairly = quite + adj/adv: khá</span></p><p><span>- typically = normally: bình thường, thông thường</span></p><p><span>- simply = just: đơn giản là</span></p><p><span>- entirely: toàn bộ</span></p>', 'Fairly', 'Typically', 'Simple', 'Entirely', 'B', 73, '2025-05-20 21:47:03', '2025-05-20 21:47:03');
INSERT INTO question_groups (id, part, group_index, transcript, passage, toeic_test_id, created_at, updated_at) VALUES (74, 'part5', 73, NULL, NULL, 1, '2025-05-20 21:47:03', '2025-05-20 21:47:03');
INSERT INTO questions (question, question_number, explanation, A, B, C, D, correct_answer, question_group_id, created_at, updated_at) VALUES ('Mamton Home Funishings____customized furniture in Pennsylvania for more than a century', 120, '<p><span>Giải thích: dấu hiệu "for more than a century" của thì HTHT.</span></p><p><span>Dịch: </span><span>Mamton</span><span> Home Furnishings đã sản xuất đồ nội thất theo yêu cầu tại Pennsylvania hơn một thế kỷ.</span></p><p><span>Từ vựng:</span></p><p><span>- customized = personalized (adj): theo yêu cầu</span></p><p><span>- manufacture (v): sản xuất</span></p>', 'manufactures', 'is manyfacturing', 'has manufactured', 'manufacture', 'C', 74, '2025-05-20 21:47:03', '2025-05-20 21:47:03');
INSERT INTO question_groups (id, part, group_index, transcript, passage, toeic_test_id, created_at, updated_at) VALUES (75, 'part5', 74, NULL, NULL, 1, '2025-05-20 21:47:03', '2025-05-20 21:47:03');
INSERT INTO questions (question, question_number, explanation, A, B, C, D, correct_answer, question_group_id, created_at, updated_at) VALUES ('Please hold any phone calls for Ms. Tanaka___she will be in meetings all day', 121, '<p><span>Giải thích: Dựa trên nghĩa để chọn</span></p><p><span>Dịch: Vui lòng nghe máy cho bà Tanaka vì bà ấy sẽ tham gia cuộc họp cả ngày hôm nay.</span></p><p><span>Từ vựng:</span></p><p><span>- hold a call (v): giữ máy</span></p><p><span>- as = because = since: bởi vì</span></p>', 'as', 'but', 'despite', 'similarly', 'A', 75, '2025-05-20 21:47:03', '2025-05-20 21:47:03');
INSERT INTO question_groups (id, part, group_index, transcript, passage, toeic_test_id, created_at, updated_at) VALUES (76, 'part5', 75, NULL, NULL, 1, '2025-05-20 21:47:03', '2025-05-20 21:47:03');
INSERT INTO questions (question, question_number, explanation, A, B, C, D, correct_answer, question_group_id, created_at, updated_at) VALUES ('Dolores Guierrez excels as an astate planning attorney who helps clients manage their assets _______.', 122, '<p><span>Giải thích: Điền adv bổ nghĩa cho V manage</span></p><p><span>Dịch: Dolores Gutierrez rất xuất sắc trong vai trò luật sư quy hoạch bất động sản người mà giúp khách hàng quản lý các bất động sản của họ một cách hiệu quả.</span></p><p><span>Từ vựng:</span></p><p><span>- excel at/in (v): xuất sắc trong vai trò</span></p><p><span>- (real) estate (n): bất động sản</span></p><p><span>- attorney (n): luật sư</span></p><p><span>- asset (n): tài sản/bất động sản</span></p><p><span>- effective (adj): hiệu quả</span></p>', 'effect', 'effectively', 'effects', 'effective', 'B', 76, '2025-05-20 21:47:03', '2025-05-20 21:47:03');
INSERT INTO question_groups (id, part, group_index, transcript, passage, toeic_test_id, created_at, updated_at) VALUES (77, 'part5', 76, NULL, NULL, 1, '2025-05-20 21:47:03', '2025-05-20 21:47:03');
INSERT INTO questions (question, question_number, explanation, A, B, C, D, correct_answer, question_group_id, created_at, updated_at) VALUES ('Mr. Signh was____about sales of the fragrance after the first round of customer focus groups', 123, '<p><span>Giải thích: Dựa trên nghĩa để chọn</span></p><p><span>Dịch: Ông Singh đã rất lạc quan về doanh số của dầu thơm sau đợt phỏng vấn nhóm thử nghiệm đầu tiên.</span></p><p><span>Từ vựng:</span></p><p><span>- fragrance (n): dầu thơm</span></p><p><span>- focus group (n): nhóm thử nghiệm</span></p><p><span>- extensive (adj): chuyên sâu</span></p><p><span>- distinct (adj): riêng biệt/rõ ràng</span></p><p><span>- optimistic about sth (adj): lạc quan về...</span></p><p><span>- superior to </span><span>st</span><span> (adj): vượt trội hơn...</span></p>', 'extensive', 'distinct', 'optimistic', 'superior', 'C', 77, '2025-05-20 21:47:03', '2025-05-20 21:47:03');
INSERT INTO question_groups (id, part, group_index, transcript, passage, toeic_test_id, created_at, updated_at) VALUES (78, 'part5', 77, NULL, NULL, 1, '2025-05-20 21:47:03', '2025-05-20 21:47:03');
INSERT INTO questions (question, question_number, explanation, A, B, C, D, correct_answer, question_group_id, created_at, updated_at) VALUES ('Data from the finance deparment was used to____predict the company''s future expenses', 124, '<p><span>Giải thích: Dựa trên nghĩa/ngữ pháp để chọn. Câu này chọn adv vì đứng giữa giữa to V</span></p><p><span>Dịch: Dữ liệu từ phòng tài chính đã được sử dụng để dự đoán tốt hơn về chi phí của công ty trong tương lai.</span></p><p><span>Từ vựng:</span></p><p><span>- finance (</span><span>n,v</span><span>): tài chính</span></p><p><span>- predict = foresee = forecast (v): dự đoán</span></p><p><span>- expenses ~ costs (n): chi phí</span></p><p><span>- better (a,adv): tốt hơn</span></p>', 'either', 'ever', 'yet', 'better', 'D', 78, '2025-05-20 21:47:03', '2025-05-20 21:47:03');
INSERT INTO question_groups (id, part, group_index, transcript, passage, toeic_test_id, created_at, updated_at) VALUES (79, 'part5', 78, NULL, NULL, 1, '2025-05-20 21:47:03', '2025-05-20 21:47:03');
INSERT INTO questions (question, question_number, explanation, A, B, C, D, correct_answer, question_group_id, created_at, updated_at) VALUES ('Immediately after the decrease in production was announced, everyone began discussing how ____ would impact work schedules', 125, '<p><span>Giải thích: Vị trí trống đứng ở vai trò S &gt; chọn it, thay thế cho "the decrease"</span></p><p><span>Dịch: Ngay sau khi sự sụt giảm trong khâu sản xuất được thông báo, mọi người bắt đầu thảo luận về việc nó sẽ ảnh hưởng thế nào đến lịch trình làm việc.</span></p><p><span>Từ vựng:</span></p><p><span>- impact (v,n): ảnh hưởng</span></p><p><span>- schedule (v,n): lên lịch, lịch trình</span></p>', 'us', 'it', 'theirs', 'yours', 'B', 79, '2025-05-20 21:47:03', '2025-05-20 21:47:03');
INSERT INTO question_groups (id, part, group_index, transcript, passage, toeic_test_id, created_at, updated_at) VALUES (80, 'part5', 79, NULL, NULL, 1, '2025-05-20 21:47:03', '2025-05-20 21:47:03');
INSERT INTO questions (question, question_number, explanation, A, B, C, D, correct_answer, question_group_id, created_at, updated_at) VALUES ('Every year Arrow Mill, Inc., processes a ___ amount of grain', 126, '<p><span>Giải thích: a large/substantial/huge amount of </span><span>st</span><span>: một lượng lớn…</span></p><p><span>Dịch: Mỗi năm Arrow Mill Inc chế biến một lượng ngũ cốc lớn.</span></p><p><span>Từ vựng:</span></p><p><span>- process (v): chế biến, xử lý</span></p><p><span>- grain (n): ngũ cốc, lương thực</span></p><p><span>- durable = long-lasting (adj): bền</span></p><p><span>- direct (adj): trực tiếp</span></p><p><span>- resolute (adj): quả quyết</span></p><p><span>- substantial (adj): đáng kể, lớn</span></p>', 'durable', 'direct', 'resolute', 'substantial', 'D', 80, '2025-05-20 21:47:03', '2025-05-20 21:47:03');
INSERT INTO question_groups (id, part, group_index, transcript, passage, toeic_test_id, created_at, updated_at) VALUES (81, 'part5', 80, NULL, NULL, 1, '2025-05-20 21:47:03', '2025-05-20 21:47:03');
INSERT INTO questions (question, question_number, explanation, A, B, C, D, correct_answer, question_group_id, created_at, updated_at) VALUES ('Tomorrow morning, both escalators in the store will be turned off periodically in order to perform____maintenance', 127, '<p><span>Giải thích: Trước N maintenance chọn adj</span></p><p><span>Dịch: Sáng mai, cả hai thang cuốn trong cửa hàng sẽ bị tắt định kỳ để thực hiện việc bảo dưỡng bắt buộc.</span></p><p><span>Từ vựng:</span></p><p><span>- escalator (n): thang cuốn</span></p><p><span>- periodically = regularly (adv): định kỳ</span></p><p><span>- perform (v): thực hiện</span></p><p><span>- maintenance (n): sự bảo dưỡng, bảo trì</span></p><p><span>- required (adj): bắt buộc</span></p>', 'required', 'require', 'requiring', 'requires', 'A', 81, '2025-05-20 21:47:03', '2025-05-20 21:47:03');
INSERT INTO question_groups (id, part, group_index, transcript, passage, toeic_test_id, created_at, updated_at) VALUES (82, 'part5', 81, NULL, NULL, 1, '2025-05-20 21:47:03', '2025-05-20 21:47:03');
INSERT INTO questions (question, question_number, explanation, A, B, C, D, correct_answer, question_group_id, created_at, updated_at) VALUES ('Those who wish to volunteer at the annual Sebastian Park flower-planting events this Sarturday___to arrive early', 128, '<p><span>Giải thích: Chủ ngữ là số nhiều (those ….) do đó chọn V chính số nhiều.</span></p><p><span>Dịch: Những người muốn làm tình nguyện tại lễ hội trồng hoa hàng năm ở công viên Sebastian thứ Bảy này được yêu cầu phải đến sớm</span></p><p><span>Từ vựng:</span></p><p><span>- volunteer (v,n): tình nguyện</span></p><p><span>- plant (v): trồng</span></p>', 'asks', 'are asked', 'has been asking', 'to ask', 'B', 82, '2025-05-20 21:47:03', '2025-05-20 21:47:03');
INSERT INTO question_groups (id, part, group_index, transcript, passage, toeic_test_id, created_at, updated_at) VALUES (83, 'part5', 82, NULL, NULL, 1, '2025-05-20 21:47:03', '2025-05-20 21:47:03');
INSERT INTO questions (question, question_number, explanation, A, B, C, D, correct_answer, question_group_id, created_at, updated_at) VALUES ('Although Mr. Yanamura''s theory is ____ controversial, it does help explain the latest changes in the market', 129, '<p><span>Giải thích: Dựa trên nghĩa để chọn</span></p><p><span>Dịch: Mặc dù giả thuyết của ông </span><span>Yanamura</span><span> chắc chắn gây tranh cãi, nó cũng giúp giải thích những thay đổi mới nhất trên thị trường.</span></p><p><span>Từ vựng:</span></p><p><span>- theory (n): giả thuyết</span></p><p><span>- controversial (adj): gây tranh cãi</span></p><p><span>- neatly (adv): một cách gọn gàng</span></p><p><span>- urgently (adv): một cách khẩn cấp</span></p><p><span>- gracefully (adv): yêu kiều</span></p><p><span>- certainly = surely (adv): chắn chắn</span></p>', 'neatly', 'urgently', 'gracefully', 'certainly', 'D', 83, '2025-05-20 21:47:03', '2025-05-20 21:47:03');
INSERT INTO question_groups (id, part, group_index, transcript, passage, toeic_test_id, created_at, updated_at) VALUES (84, 'part5', 83, NULL, NULL, 1, '2025-05-20 21:47:03', '2025-05-20 21:47:03');
INSERT INTO questions (question, question_number, explanation, A, B, C, D, correct_answer, question_group_id, created_at, updated_at) VALUES ('A recent____found that property values in the Agate Valley region had increased by 3 percent between January an June', 130, '<p><span>Giải thích: Sau tính từ recent cần N</span></p><p><span>Dịch: Một bản đánh giá gần đây thấy rằng giá trị bất động sản ở vùng Agate Valley đã tăng khoảng 3% từ tháng 1 đến tháng 6.</span></p><p><span>Từ vựng:</span></p><p><span>- assessment = evaluation (n): đánh giá</span></p><p><span>- value (n,v): giá trị/định giá</span></p><p><span>- region = area (n): vùng</span></p>', 'assessment', 'assessed', 'assessable', 'to assess', 'A', 84, '2025-05-20 21:47:03', '2025-05-20 21:47:03');
INSERT INTO question_groups (id, part, group_index, transcript, passage, toeic_test_id, created_at, updated_at) VALUES (85, 'part6', 84, '<div><p><span class="fontstyle0">Hội nghị Design Present là sự kiện thường niên được tổ chức tại Melbourne dành cho các chuyên gia thiết kế đồ họa. Hội nghị đang dần trở nên phổ biến. Năm ngoái, nó đã thu hút hơn 3.000 người tham dự từ Úc và khắp nơi trên thế giới. Hội nghị Design Present tới, sẽ được tổ chức từ ngày 20 đến ngày 23 tháng 3, sẽ có hơn 100 hội thảo, cùng với các bài phát biểu quan trọng và các phiên họp toàn thể. Năm nay, một số cơ hội kết nối mạng lưới nghề nghiệp sẽ được thêm vào.<br/>Những người tham dự sẽ có cơ hội tiếp thị bản thân đến các công ty trong một số ngành khác nhau. Những khoảng thời gian cho việc giao lưu sẽ được lên lịch mỗi ngày. Cho dù bạn là một người đam mê thiết kế, sinh viên, nhà thiết kế tự do hay chủ doanh nghiệp, Design Present luôn có gì đó dành cho bạn. </span><span class="fontstyle2">Việc đăng ký bắt đầu vào ngày 3 tháng Hai và tiếp tục đến ngày 18 tháng Ba.</span><br/></p></div>', '<div><p><span class="fontstyle0">The Design Present Conference is an annual event held in Melbourne for graphic-design professionals. The conference is steadily growing in popularity. Last year, it ---(131)--- more than 3,000 attendees from Australia and around the world. The next Design Present Conference, which will be held from 20 to 23 March, will offer more than 100 workshops, plus keynote speeches and plenary sessions. This year, several opportunities for professional networking will be added.<br/>Attendees will have the chance to market ---(132)--- to firms in several different industries. Periods for networking will be included in the ---(133)--- each day. Whether you are a design enthusiast, student, freelance designer, or business owner, Design Present has something for you. ---(134)--- .</span><br/> </p></div>', 1, '2025-05-20 21:47:03', '2025-05-20 21:47:03');
INSERT INTO questions (question, question_number, explanation, A, B, C, D, correct_answer, question_group_id, created_at, updated_at) VALUES ('', 131, '<p><b>Dịch đáp án:</b></p><p><span>A. thu hút</span></p><p><span>B. đã vào</span></p><p><span>C. được trao giải</span></p><p><span>D. thăng chức</span></p><p>-------</p>', 'attracted', 'entered', 'awarded', 'promoted', 'A', 85, '2025-05-20 21:47:03', '2025-05-20 21:47:03');
INSERT INTO questions (question, question_number, explanation, A, B, C, D, correct_answer, question_group_id, created_at, updated_at) VALUES ('', 132, '<p><b>Dịch đáp án:</b></p><p><span>Những người tham dự sẽ có cơ hội tiếp thị bản thân đến các công ty trong một số ngành khác nhau.</span></p><p>-------</p><div><p><span class="fontstyle0">Giải thích: market (v): tiếp thị, do đó vị trí thiếu O, chọn đại từ phản thân đóng vai trò O vì chủ ngữ và tân ngữ là cùng một đối tượng (attendees).</span><br/></p></div>', 'they', 'them', 'themselves', 'theirs', 'C', 85, '2025-05-20 21:47:03', '2025-05-20 21:47:03');
INSERT INTO questions (question, question_number, explanation, A, B, C, D, correct_answer, question_group_id, created_at, updated_at) VALUES ('', 133, '<p><b>Dịch đáp án:</b></p><p><span>A. địa điểm</span></p><p><span>B. tình huống</span></p><p><span>C. máy</span></p><p><span>D. lịch trình</span></p><p><span>Những khoảng thời gian cho việc giao lưu sẽ được lên lịch mỗi ngày.</span></p><p>-------</p>', 'location', 'situation', 'machine', 'schedule', 'D', 85, '2025-05-20 21:47:03', '2025-05-20 21:47:03');
INSERT INTO questions (question, question_number, explanation, A, B, C, D, correct_answer, question_group_id, created_at, updated_at) VALUES ('', 134, '<p><b>Dịch đáp án:</b></p><p><span>A. Việc đăng ký bắt đầu vào ngày 3 tháng 2 và tiếp tục đến ngày 18 tháng 3</span></p><p><span>B. Diễn giả này nổi tiếng khắp ngành</span></p><p><span>C. Hội nghị được tổ chức ở New Zealand những năm trước</span></p><p><span>D. Chúng tôi muốn nhận được phản hồi của bạn về hội nghị năm ngoái</span></p><p>-------</p><div><p><span class="fontstyle0">Vì giọng văn của đoạn này có tính quảng cáo cho hội nghị, mục đích chính vẫn là thu hút người tham gia do đó phải đề cập đến mốc thời gian để người ta biết và đăng ký.</span><br/></p></div>', 'Registration begin on 3 February and continues through 18 March', 'This speaker is well-known throughout the industry', 'The conference was held in New Zealand in previous years', 'We''d like to get your feedback on last year''s conference', 'A', 85, '2025-05-20 21:47:03', '2025-05-20 21:47:03');
INSERT INTO question_groups (id, part, group_index, transcript, passage, toeic_test_id, created_at, updated_at) VALUES (86, 'part6', 85, '<div><p><span class="fontstyle0">Wallace &amp; Prence Realty hiện đang tìm kiếm một chuyên gia về nhà ở để làm việc với các khách hàng quốc tế của chúng tôi. Chúng tôi chuyên đảm bảo nhà ở ngắn hạn thích hợp cho các cá nhân người sẽ chỉ làm việc tại khu vực Toronto trong một thời gian ngắn. Là một phần của bộ phận quan hệ khách hàng của chúng tôi, chuyên gia về nhà ở này sẽ cung cấp hướng dẫn cho khách hàng chuẩn bị cho việc chuyển địa điểm tạm thời. Các nhiệm vụ cũng bao gồm hỗ trợ khách hàng sau khi họ đến. Ứng cử viên thành công phải có kiến thức về bất động sản và các công ty cho thuê trong khu vực Toronto. Đồng thời yêu cầu tối thiểu hai năm kinh nghiệm dịch vụ khách hàng. Cá nhân có khả năng chuyên môn cần thiết được khuyến khích liên hệ với chúng tôi tại <a class="__cf_email__" data-cfemail="37525a475b584e7740565b5b565452474552595452195456" href="/cdn-cgi/l/email-protection">[email protected]</a>.</span><br/></p></div>', '<div><p><span class="fontstyle0">Wallace &amp; Prence Realty is currently seeking a housing specialist to work with our international clients. We specialize in securing appropriate short-term housing for individuals ---(135)--- will be working in the Toronto area for only a short time. As part of our client relations department, the housing specialist ---(136)--- guidance to clients preparing for temporary relocation. ---(137)--- .The successful candidate must have knowledge of real estate and rental agencies in the Toronto area. Also required are a minimum of two years of customerservice experience. Individuals with the necessary ---(138)--- are encouraged to contact us at <a class="__cf_email__" data-cfemail="5a283f39282f332e373f342e1a2d3b36363b393f2a283f34393f74393b" href="/cdn-cgi/l/email-protection">[email protected]</a>.</span><br/> </p></div>', 1, '2025-05-20 21:47:03', '2025-05-20 21:47:03');
INSERT INTO questions (question, question_number, explanation, A, B, C, D, correct_answer, question_group_id, created_at, updated_at) VALUES ('', 135, '<p><b>Dịch đáp án:</b></p><p><span>A. ai</span></p><p><span>B. theo đó</span></p><p><span>C. gần đây</span></p><p><span>D. ở đâu</span></p><p><span>Chúng tôi chuyên đảm bảo nhà ở ngắn hạn thích hợp cho các cá nhân người sẽ chỉ làm việc tại khu vực Toronto trong một thời gian ngắn.</span></p><p>-------</p><div><p>Dựa vào cấu trúc mệnh đề quan hệ để chọn.</p></div>', 'who', 'accordingly', 'recently', 'where', 'A', 86, '2025-05-20 21:47:03', '2025-05-20 21:47:03');
INSERT INTO questions (question, question_number, explanation, A, B, C, D, correct_answer, question_group_id, created_at, updated_at) VALUES ('', 136, '<p><b>Dịch đáp án:</b></p><p><span>Là một phần của bộ phận quan hệ khách hàng của chúng tôi, chuyên gia về nhà ở này sẽ cung cấp hướng dẫn cho khách hàng chuẩn bị cho việc chuyển địa điểm tạm thời.</span></p><p>-------</p><div><p><span class="fontstyle0">Giải thích: Câu nói về nhiệm vụ của vị trí đang tuyển, xét về nghĩa dùng thì tương lai là hợp lý nhất. Ngoài ra không dùng thì HTTD vì nó dùng để chỉ hoạt động trong tương lai nhưng phải theo kế hoạch trước.</span><br/></p></div>', 'provided', 'will provide', 'will have provided', 'is providing', 'B', 86, '2025-05-20 21:47:03', '2025-05-20 21:47:03');
INSERT INTO questions (question, question_number, explanation, A, B, C, D, correct_answer, question_group_id, created_at, updated_at) VALUES ('', 137, '<p><b>Dịch đáp án:</b></p><p><span>A. Chi phí đi lại của bạn được Wallace &amp; Prence chi trả</span></p><p><span>B. Chúng tôi đặt khách hàng vào các căn hộ trên khắp thế giới</span></p><p><span>C. Nhiệm vụ cũng bao gồm hỗ trợ khách hàng sau khi họ đến</span></p><p><span>D. Đơn đăng ký không đầy đủ sẽ không được xem xét</span></p><p>-------</p><div><p><span class="fontstyle0">Câu phía trước đang đề cập tới nhiệm vụ của vị trí này do vậy chọn C để tiếp tục ý đó.</span><br/></p></div>', 'Your travel expenses are covered by Wallace & Prence', 'We place clients in apartments throughout the world', 'Duties also include supporting clients after their arrival', 'Incomplete applications will not be considered', 'C', 86, '2025-05-20 21:47:03', '2025-05-20 21:47:03');
INSERT INTO questions (question, question_number, explanation, A, B, C, D, correct_answer, question_group_id, created_at, updated_at) VALUES ('', 138, '<p><b>Dịch đáp án:</b></p><p><span>A. câu hỏi</span></p><p><span>B. tài liệu</span></p><p><span>C. tài liệu tham khảo</span></p><p><span>D. trình độ chuyên môn</span></p><p><span>Cá nhân có khả năng chuyên môn cần thiết được khuyến khích liên hệ với chúng tôi tại </span><span><a href="/cdn-cgi/l/email-protection#52373f223e3d2b1225333e3e3331372220373c31377c3133"><span class="__cf_email__" data-cfemail="2c49415c4043556c5b4d40404d4f495c5e49424f49024f4d">[email protected]</span></a></span><span>.</span></p><p>-------</p><div><p>Dựa vào nghĩa để chọn.</p></div>', 'questions', 'documents', 'references', 'qualifications', 'D', 86, '2025-05-20 21:47:03', '2025-05-20 21:47:03');
INSERT INTO question_groups (id, part, group_index, transcript, passage, toeic_test_id, created_at, updated_at) VALUES (87, 'part6', 86, '<div><p><span class="fontstyle0">LOWELL (Ngày 3 tháng 3) </span><span class="fontstyle0">– </span><span class="fontstyle0">Chỉ một năm sau khi khai trương, Cửa hàng Đồ ngọt của Viggo trên phố Park đã trở thành địa điểm lui tới của những cư dân có nhu cầu thỏa mãn cơn thèm đồ ngọt của mình. Chủ quán Viggo Magnusson nói: “Khách hàng quay lại dẫn theo bạn bè, người thân nên quán lúc nào cũng đông khách”. Ông Magnusson cho rằng thành công trong công việc kinh doanh của mình là nhờ những công thức nấu ăn mà ông thừa hưởng từ bà của mình khoảng<br/>một thập kỷ trước. Chiến dịch truyền thông xã hội của anh ấy cũng đã thúc đẩy doanh số bán hàng. </span></p><p><span class="fontstyle0"><br/></span>Nhưng sự nổi tiếng của cửa hàng bánh ngọt đã để lại một vấn đề khó lường cho ông Magnusson: thiếu mặt bằng cửa hàng. Vì vậy, khi cửa hàng giày bên cạnh ngừng kinh doanh gần đây, anh ấy đã mua lại cơ ngơi để cho phép việc mở rộng cửa hàng của mình. Công việc cải tạo sẽ bắt đầu vào tháng 4.</p></div>', '<div><p><span class="fontstyle0">LOWELL (March 3) – Just one year after opening, Viggo''s Sweet Shop on Park Street has become the place to go for residents wishing to satisfy their sugary cravings. Says owner Viggo Magnusson, "Returning customers bring friends and relatives with them, so the shop is always </span><span class="fontstyle2">---139---</span><span class="fontstyle0">." Mr. Magnusson credits the success of his business to the recipes he inherited from his grandmother about a decade ago. </span><span class="fontstyle2">---140---</span><span class="fontstyle0">. <br/>But the popularity of the pastry shop </span><span class="fontstyle2">---141--- </span><span class="fontstyle0">Mr. Magnusson with an unanticipated problem: lack of store space. So when the shoe store next door went out </span><span class="fontstyle0">of business recently, he purchased the property to allow for the </span><span class="fontstyle2">---142--- </span><span class="fontstyle0">of his shop. Renovations will start in April.</span><br/> </p></div>', 1, '2025-05-20 21:47:03', '2025-05-20 21:47:03');
INSERT INTO questions (question, question_number, explanation, A, B, C, D, correct_answer, question_group_id, created_at, updated_at) VALUES ('', 139, '<p><b>Dịch đáp án:</b></p><p><span>A. nghi ngờ</span></p><p><span>B. ước tính</span></p><p><span>C. đông đúc</span></p><p><span>D. có tổ chức</span></p><p><span>Chủ quán Viggo Magnusson nói: “Khách hàng quay lại dẫn theo bạn bè, người thân nên quán lúc nào cũng đông khách”.</span></p><p>-------</p>', 'doubted', 'estimated', 'crowded', 'organized', 'C', 87, '2025-05-20 21:47:03', '2025-05-20 21:47:03');
INSERT INTO questions (question, question_number, explanation, A, B, C, D, correct_answer, question_group_id, created_at, updated_at) VALUES ('', 140, '<p><b>Dịch đáp án:</b></p><p><span>A. Cô ấy thường phục vụ họ một cách ấm áp</span></p><p><span>B. Cô ấy đã tạo ra chúng khi cô ấy bắt đầu mở nhà hàng</span></p><p><span>C. Các thành viên trong gia đình anh ấy thích ăn những bữa ăn lành mạnh hơn</span></p><p><span>D. Chiến dịch truyền thông xã hội của anh ấy cũng đã thúc đẩy doanh số bán hàng</span></p><p>-------</p><div><p><span class="fontstyle0">Chọn (D) </span><span class="fontstyle2">do câu trước đề cập đến một nguyên nhân dẫn đến thành công cho việc kinh doanh của ông Magnusson nên câu sau rất có thể sẽ nói đến yếu tố khác nữa.</span><br/></p></div>', 'She usually serves them warm', 'She created them when she started the restaurant', 'His family members prefer eating healthy meals', 'His social media campaign has also boosted sales', 'D', 87, '2025-05-20 21:47:03', '2025-05-20 21:47:03');
INSERT INTO questions (question, question_number, explanation, A, B, C, D, correct_answer, question_group_id, created_at, updated_at) VALUES ('', 141, '<p><b>Dịch đáp án:</b></p><p><span>Nhưng sự nổi tiếng của cửa hàng bánh ngọt đã để lại một vấn đề khó lường cho ông Magnusson: thiếu mặt bằng cửa hàng.</span></p><p>-------</p><div><p><span class="fontstyle0">Chọn (B) </span><span class="fontstyle2">do chủ ngữ (the popularity) là danh từ số ít và câu sau chia thì quá khứ đơn (went, purchased) nên khoảng trống cần chia thì quá khứ đơn tương ứng.</span><br/></p></div>', 'leave', 'left', 'is leaving', 'have left', 'B', 87, '2025-05-20 21:47:03', '2025-05-20 21:47:03');
INSERT INTO questions (question, question_number, explanation, A, B, C, D, correct_answer, question_group_id, created_at, updated_at) VALUES ('', 142, '<p><b>Dịch đáp án:</b></p><p><span>A. sự mở rộng</span></p><p><span>B. sự giám sát</span></p><p><span>C. sự nộp</span></p><p><span>D. sự phân chia</span></p><p><span>Vì vậy, khi cửa hàng giày bên cạnh ngừng kinh doanh gần đây, anh ấy đã mua lại cơ ngơi để cho phép việc mở rộng cửa hàng của mình.</span></p><p>-------</p>', 'expansion', 'supervision', 'submission', 'division', 'A', 87, '2025-05-20 21:47:03', '2025-05-20 21:47:03');
INSERT INTO question_groups (id, part, group_index, transcript, passage, toeic_test_id, created_at, updated_at) VALUES (88, 'part6', 87, '<div><p><span class="fontstyle0">Đến: Tất cả nhân viên<br/>Từ: Jennifer Prasad<br/>Chủ đề: Chính sách Mật khẩu Cập nhật<br/>Ngày: Thứ ba, ngày 8 tháng 2<br/>Gửi các nhân viên,<br/>Là một biện pháp bảo mật nâng cao, bây giờ mọi người sẽ được yêu cầu thay đổi mật khẩu mình sử dụng để truy cập mạng công ty vào ngày làm việc đầu tiên của mỗi tháng. Tuy nhiên, tên đăng nhập của mọi người vẫn sẽ được giữ nguyên.<br/>Mỗi mật khẩu phải dài ít nhất 12 ký tự và bao gồm một ký tự viết hoa, một ký tự viết thường, một chữ số và một ký tự đặc biệt. Một e-mail sẽ được gửi vào ngày làm việc cuối cùng của mỗi tháng để nhắc mọi người đặt mật khẩu mới vào ngày làm việc tiếp theo. Việc không làm như vậy sẽ dẫn đến tài khoản của bạn bị khóa và bạn sẽ phải liên hệ với nhà cung cấp nền tảng của chúng ta, Dịch vụ Bảo mật, để được hỗ trợ.<br/>Chúng tôi đang cố gắng hết sức để đảm bảo rằng nhân viên và khách hàng của chúng ta có mức độ bảo mật cao nhất có thể. Cảm ơn mọi người đã hợp tác.<br/>Jennifer Prasad, Giám đốc điều hành</span><br/></p></div>', '<div><p><span class="fontstyle0">To: All Employees<br/>From: Jennifer Prasad<br/>Subject: Updated Password Policy<br/>Date: Tuesday, February 8<br/>Dear Employees,<br/>As an enhanced security measure, you will now be required to change the password you use to access the company network on the first workday of each month. </span><span class="fontstyle2">---143---</span><span class="fontstyle0">, your log-in ID will remain the same.<br/>Each password must be at least twelve characters long and include one capital letter, one lowercase letter, one number, and one special character.<br/>An e-mail </span><span class="fontstyle2">---144--- </span><span class="fontstyle0">on the last workday of each month reminding you to set a new password on the next workday. </span><span class="fontstyle2">---145--- </span><span class="fontstyle0">to do so will result in your being locked out of your account, and you will have to contact our platform provider, Securities Services, for assistance.<br/>We are doing our best to ensure that our employees and our clients have the highest possible level of security. </span><span class="fontstyle2">---146---</span><span class="fontstyle0">.<br/>Jennifer Prasad, CEO</span><br/> </p></div>', 1, '2025-05-20 21:47:03', '2025-05-20 21:47:03');
INSERT INTO questions (question, question_number, explanation, A, B, C, D, correct_answer, question_group_id, created_at, updated_at) VALUES ('', 143, '<p><b>Dịch đáp án:</b></p><p><span>A. Tuy nhiên</span></p><p><span>B. Vì vậy</span></p><p><span>C. Ngoài ra</span></p><p><span>D. Ví dụ</span></p><p><span>Tuy nhiên, tên đăng nhập của mọi người vẫn sẽ được giữ nguyên.</span></p><p>-------</p>', 'However', 'Therefore', 'In addition', 'For example', 'A', 88, '2025-05-20 21:47:03', '2025-05-20 21:47:03');
INSERT INTO questions (question, question_number, explanation, A, B, C, D, correct_answer, question_group_id, created_at, updated_at) VALUES ('', 144, '<p><b>Dịch đáp án:</b></p><p><span>Một e-mail sẽ được gửi vào ngày làm việc cuối cùng của mỗi tháng để nhắc mọi người đặt mật khẩu mới vào ngày làm việc tiếp theo.</span></p><p>-------</p><div><p><span class="fontstyle0">Chọn (B) </span><span class="fontstyle2">do chủ ngữ (An e-mail) chỉ sự vật là dấu hiệu của thể bị động và do đây là lời nhắc nhở nên không thể chia thì quá khứ được.</span><br/></p></div>', 'sent', 'will be sent', 'will have sent', 'had been sent', 'B', 88, '2025-05-20 21:47:03', '2025-05-20 21:47:03');
INSERT INTO questions (question, question_number, explanation, A, B, C, D, correct_answer, question_group_id, created_at, updated_at) VALUES ('', 145, '<p><b>Dịch đáp án:</b></p><p><span>A. Hỗ trợ</span></p><p><span>B. Vắng mặt</span></p><p><span>C. Thất bại</span></p><p><span>D. Phê duyệt</span></p><p><span>Việc không làm như vậy sẽ dẫn đến tài khoản của bạn bị khóa và bạn sẽ phải liên hệ với nhà cung cấp nền tảng của chúng ta, Dịch vụ Bảo mật, để được hỗ trợ.</span></p><p>-------</p><div><p><span class="fontstyle0">Chọn (C) </span><span class="fontstyle2">theo cấu trúc </span><span class="fontstyle0">failure to do something </span><span class="fontstyle2">nghĩa là việc không làm gì (theo như mong đợi).</span><br/></p></div>', 'Support', 'Absence', 'Failure', 'Approval', 'C', 88, '2025-05-20 21:47:03', '2025-05-20 21:47:03');
INSERT INTO questions (question, question_number, explanation, A, B, C, D, correct_answer, question_group_id, created_at, updated_at) VALUES ('', 146, '<p><b>Dịch đáp án:</b></p><p><span>A. Tôi sẽ gặp bạn ở cuộc họp</span></p><p><span>B. Viết ID đăng nhập mới của bạn</span></p><p><span>C. Hãy cho tôi biết khi việc này hoàn tất</span></p><p><span>D. Cảm ơn sự hợp tác của bạn</span></p><p>-------</p><div><div><p><span class="fontstyle0">Chọn (D) </span><span class="fontstyle2">do đây là câu kết thường gặp trong mỗi thông báo hoặc lời nhắc nhở. </span></p><p><span class="fontstyle2">Ngoài ra, câu trước cũng là lời trấn an, cam kết những yêu cầu trên là nhằm mục đích bảo vệ cho nhân viên và khách hàng nên câu cần điền sẽ mong đợi sự hợp tác từ tất cả mọi người trong công ty</span><br/></p></div></div>', 'I will see you at the meeting', 'Write down your new log-in ID', 'Let me know when this is done', 'Thank you for your cooperation', 'D', 88, '2025-05-20 21:47:03', '2025-05-20 21:47:03');
INSERT INTO question_groups (id, part, group_index, transcript, passage, toeic_test_id, created_at, updated_at) VALUES (89, 'part7', 88, '<div><div><b>Hội chợ Asherton Garden</b></div><span class="fontstyle2"><div>Thành phố Asherton tự hào giới thiệu</div><div>một Hội chợ Vườn trong khuôn viên của Trang viên Asherton</div><div>Thứ bảy, ngày 10 tháng sáu</div><div>11:00 SÁNG. đến 5:00 chiều</div><div>Vào cửa miễn phí bao gồm</div><div>Trò chơi trẻ em, đồ thủ công và ban nhạc địa phương</div><div><span class="fontstyle2">Xe đưa đón từ Bến Xe buýt </span><span class="fontstyle0">và Bến Xe lửa Asherton gần đó</span></div></span><span class="fontstyle2"><div>Có bán cây và hạt giống</div><div>Có bán thức ăn nhẹ— đồ uống nóng và lạnh, bánh ngọt, bánh mì, v.v.!</div><div>Các chuyến tham quan Trang viên Asherton với một khoản phí nhỏ</div><div><span class="fontstyle2">Có </span><span class="fontstyle0">chỗ đậu xe tại trang viên với giá $ 10 một chiếc</span></div></span><span class="fontstyle2"><div>Để biết thêm thông tin:</div><div>416-555-0187</div></span><hr/></div>', '<div><div><b>Asherton Garden Fair</b></div><span class="fontstyle2"><div>The City of Asherton proudly presents a</div><div>Garden Fair on the grounds of Asherton Manor</div><div>Saturday, June 10</div><div>11:00 A.M. to 5:00 P.M.</div><div>Free admission includes</div><div>Children’s games, crafts, and local bands</div></span><span class="fontstyle0"><div><span class="fontstyle0">Shuttle buses from nearby </span><span class="fontstyle2">Asherton Train and </span><span class="fontstyle0">Bus Station</span></div></span><span class="fontstyle2"><div>Plants and seeds for sale</div><div>Refreshments for purchase—hot and cold beverages, cakes, sandwiches, and more!</div><div>Tours of Asherton Manor available for a small fee</div></span><span class="fontstyle0"><div>Parking available at the manor for $10 per vehicle</div></span><span class="fontstyle2"><div>For more information:</div><div>416-555-0187</div></span> <hr/></div>', 1, '2025-05-20 21:47:03', '2025-05-20 21:47:03');
INSERT INTO questions (question, question_number, explanation, A, B, C, D, correct_answer, question_group_id, created_at, updated_at) VALUES ('What is indicated about Asherton Manor?', 147, '<p><b>Dịch đáp án:</b></p><p><span>Điều gì được chỉ ra về Trang viên Asherton?</span></p><p><span>A. Nó có sẵn cho các bữa tiệc riêng tư</span></p><p><span>B. Mở cửa hàng ngày từ 11 giờ sáng đến 5 giờ chiều</span></p><p><span>C. Nó luôn cung cấp các chuyến tham quan có hướng dẫn viên</span></p><p><span>D. Nó ở gần ga xe lửa</span></p>', 'It is avaiable for private parties', 'It is open daily from 11:00 A.M to 5:00 P.M', 'It always offers guided tours', 'It is near a train station', 'D', 89, '2025-05-20 21:47:03', '2025-05-20 21:47:03');
INSERT INTO questions (question, question_number, explanation, A, B, C, D, correct_answer, question_group_id, created_at, updated_at) VALUES ('What will NOT be free at the fair?', 148, '<p><b>Dịch đáp án:</b></p><p><span>Cái gì sẽ KHÔNG miễn phí tại hội chợ?</span></p><p><span>A. Trò chơi</span></p><p><span>B. Âm nhạc</span></p><p><span>C. Đi xe đưa đón</span></p><p><span>D. Bãi đậu xe tại chỗ</span></p>', 'Games', 'Music', 'Shuttle rides', 'On-site parking', 'D', 89, '2025-05-20 21:47:03', '2025-05-20 21:47:03');
INSERT INTO question_groups (id, part, group_index, transcript, passage, toeic_test_id, created_at, updated_at) VALUES (90, 'part7', 89, '<div><div><b>Dịch vụ ăn uống của Eleanor</b></div><span class="fontstyle0"><div><b><i>Biến sự kiện tiếp theo của bạn trở nên khó quên</i></b></div></span><span class="fontstyle2">Bạn đang tìm kiếm một nhà cung cấp thực phẩm cho dịp đặc biệt của bạn? Đừng tìm kiếm nữa! Eleanor’s Catering có thể hữu ích cho mọi loại gặp gỡ, tụ tập — từ các buổi họp mặt nhỏ, thân mật đến các sự kiện lớn, trang trọng. Eleanor’s cung cấp các món ăn ngon, chất lượng cao cho mọi dịp. </span><span class="fontstyle0">Dịch vụ ăn uống trọn gói của chúng tôi bao gồm đồ uống và cho thuê bàn, khăn trải giường, bát đĩa và dụng cụ ăn uống</span><span class="fontstyle2">. Nhân viên của chúng tôi sẽ làm mọi thứ để sự kiện đặc biệt của bạn thành công — </span><span class="fontstyle0">chúng tôi sẽ cung cấp mọi thứ bạn cần, từ lắp đặt đến tháo dỡ sau đó. <br/></span><span class="fontstyle2">Để có được ước tính chi phí, vui lòng điền vào Mẫu Yêu cầu Dịch vụ Ăn uống trên Trang web của chúng tôi tại www.eleanorscarering.com. </span><span class="fontstyle0">Việc dùng thử các món trong thực đơn được cung cấp theo yêu cầu.</span><br/><hr/></div>', '<div><div><b>Eleanor’s Catering</b></div><span class="fontstyle0"><div><b><i>Make Your Next Event Unforgettable </i></b></div></span><span class="fontstyle2">Looking for a caterer for your special occasion? Search no longer! Eleanor’s Catering can be of help for every type of social gathering—from small, intimate gatherings to large, formal events. Eleanor’s offers high-quality, delicious food for all occasions. </span><span class="fontstyle0">Our full-service catering service includes beverages and rentals of tables, linens, dishes, and cutlery. </span><span class="fontstyle2">Our staff will do everything to make your special event a success—</span><span class="fontstyle0">we will deliver everything you need, set it up, and<br/>then remove it afterward. <br/></span><span class="fontstyle2">To get a cost estimate, please complete a Catering Request Form on our Website at www.eleanorscarering.com. </span><span class="fontstyle0">Tasting of menu items </span><span class="fontstyle2">is available upon request.</span><br/><hr/></div>', 1, '2025-05-20 21:47:03', '2025-05-20 21:47:03');
INSERT INTO questions (question, question_number, explanation, A, B, C, D, correct_answer, question_group_id, created_at, updated_at) VALUES ('What is purpose of the advertisement?', 149, '<p><b>Dịch đáp án:</b></p><p><span>Mục đích của quảng cáo là gì?</span></p><p><span>A. Để giảm giá cho khách hàng mới</span></p><p><span>B. Để thông báo các món mới trong menu</span></p><p><span>C. Để mô tả các dịch vụ của một doanh nghiệp</span></p><p><span>D. Để giải thích các yêu cầu giao hàng</span></p>', 'To offer a discount to new clients', 'To announce new menu items', 'To describe the services of a businiess', 'To explain delivery requirements', 'C', 90, '2025-05-20 21:47:03', '2025-05-20 21:47:03');
INSERT INTO questions (question, question_number, explanation, A, B, C, D, correct_answer, question_group_id, created_at, updated_at) VALUES ('Acoording to the advertisement, what is avaiable by special request?', 150, '<p><b>Dịch đáp án:</b></p><p><span>Theo quảng cáo, những gì có sẵn theo yêu cầu đặc biệt?</span></p><p><span>A. Lấy mẫu thực phẩm</span></p><p><span>B. Ăn chay</span></p><p><span>C. Hóa đơn được chia thành từng khoản</span></p><p><span>D. Đồ trang trí</span></p>', 'Food sampling', 'Vegetarian meals', 'Itemized bills', 'Decorations', 'A', 90, '2025-05-20 21:47:03', '2025-05-20 21:47:03');
INSERT INTO question_groups (id, part, group_index, transcript, passage, toeic_test_id, created_at, updated_at) VALUES (91, 'part7', 90, '<div>
<p><strong>*Email*</strong></p>
<p><strong>Tới:</strong> <a class="__cf_email__" data-cfemail="394b4e505c4a4d79554c4950575c5a504d4051585555175a5654" href="/cdn-cgi/l/email-protection">[email protected]</a><br/>
<strong>Từ:</strong> <a class="__cf_email__" data-cfemail="492d2b3b3028273d09283b2a263a39283b3d272c3b3a672a2624" href="/cdn-cgi/l/email-protection">[email protected]</a><br/>
<strong>Ngày:</strong> 12 tháng 4<br/>
<strong>Chủ đề:</strong> Khảo sát địa điểm<br/>
<strong>Đính kèm:</strong> Khảo sát<br/>
Kính gửi ông Wiest,<br/>
Tôi đã email cho bạn tài liệu khảo sát địa điểm vào thứ Hai, vì vậy thật lạ là bạn không thấy nó. Có lẽ vì tôi đã gửi nó từ e-mail cá nhân chứ không phải email công việc, nên máy chủ của bạn không nhận ra nó và thay vào đó chuyển nó đến thư mục thư rác của bạn. Dù sao thì, tôi sẽ đính kèm lại tài liệu ở đây.<br/>
Nếu địa điểm được chấp thuận vào tuần tới, nhóm của tôi sẽ đẩy nhanh việc hoàn thành các bản thiết kế cuối cùng. Chủ sở hữu bất động sản hy vọng toàn bộ dự án tòa nhà được phê duyệt trước cuối tháng để đội xây dựng có thể bắt đầu đặt móng vào tháng Sáu.<br/>
Trân trọng,<br/>
Daniela Bryant</p>
<hr/></div>', '<div>
<p><strong>*Email*</strong></p>
<p><strong>To:</strong> <a class="__cf_email__" data-cfemail="addfdac4c8ded9edc1d8ddc4c3c8cec4d9d4c5ccc1c183cec2c0" href="/cdn-cgi/l/email-protection">[email protected]</a><br>
<strong>From:</strong> <a class="__cf_email__" data-cfemail="3155534348505f45715043525e42415043455f5443421f525e5c" href="/cdn-cgi/l/email-protection">[email protected]</a><br/>
<strong>Date: </strong>April 12<br/>
<strong>Subject: </strong>Site Survey<br/>
<strong>Attachment:</strong> Survey<br/>
Dear Mr. Wiest,<br/>
I e-mailed you the site survey document on Monday, so it’s strange that you didn’t see it. Perhaps because I sent it from my personal e-mail rather than my work e-mail, your server didn’t recognize it and routed it to your junk-mail folder instead. In any case, I will reattach the document here.<br/>
If the site is approved by next week, my team will expedite the completion of the final blueprints. The property owner hopes to have the full building project approved before the end of the month so that the construction team can start laying the foundation in June. <br/>
Sincerely,<br/>
Daniela Bryant</br></p>
<hr/></div>', 1, '2025-05-20 21:47:03', '2025-05-20 21:47:03');
INSERT INTO questions (question, question_number, explanation, A, B, C, D, correct_answer, question_group_id, created_at, updated_at) VALUES ('According to Ms. Bryant, why might Mr. Wiest not have seen the original document?', 151, '<p><b>Dịch đáp án:</b></p><p><span>Theo bà Bryant, tại sao ông Wiest lại chưa xem được tài liệu gốc?</span></p><p><span>A. Cô ấy quên đính kèm nó vào e-mail của mình</span></p><p><span>B. Cô ấy đã gửi nó cho một người khác</span></p><p><span>C. Có thể nó đã đi nhầm thư mục e-mail</span></p><p><span>D. Tệp trong đó có thể quá lớn</span></p>', 'She forgot to attach it to her e-mail', 'She sent it to a different person', 'It may have gone to the wrong e-mail folder', 'The file in it may have been too large', 'C', 91, '2025-05-20 21:47:03', '2025-05-20 21:47:03');
INSERT INTO questions (question, question_number, explanation, A, B, C, D, correct_answer, question_group_id, created_at, updated_at) VALUES ('Who most likely is Ms. Bryant', 152, '<p><b>Dịch đáp án:</b></p><p><span>Cô Bryant có khả năng là ai nhất?</span></p><p><span>A. Một kiến ​​trúc sư</span></p><p><span>B. Người quản lý tòa nhà chung cư</span></p><p><span>C. Một nhân viên ngân hàng</span></p><p><span>D. Chủ sở hữu tài sản</span></p>', 'An architect', 'An apartment-building manager', 'A banker', 'A property owner', 'A', 91, '2025-05-20 21:47:03', '2025-05-20 21:47:03');
INSERT INTO question_groups (id, part, group_index, transcript, passage, toeic_test_id, created_at, updated_at) VALUES (92, 'part7', 91, '<div><p><span class="fontstyle0"><b>Mandi Garafelli (3:32 CH):</b> Xin chào. Cảm ơn bạn đã liên hệ với bộ phận chăm sóc khách hàng của Pictures Camera. Hôm nay tôi giúp gì được cho bạn?<br/><b>Theo Ubari (3:33 CH):</b> Xin chào. Gần đây tôi đã mua Pictures 3000. Tôi gặp sự cố khi tải ảnh từ máy ảnh xuống máy tính của mình.<br/><b>Mandi Garafelli (3:35 CH):</b> Được. Bạn đã thực hiện các bước này chưa? 1. Kiểm tra kết nối giữa máy ảnh và máy tính. 2. Tắt và bật lại máy ảnh. </span><span class="fontstyle2">3. Khởi động lại máy tính với máy ảnh được kết nối sẵn<br/></span><span class="fontstyle0"><b>Theo Ubari (3:38 CH):</b> </span><span class="fontstyle2">Tôi đã thử bước 1 và 2. </span><span class="fontstyle0">Không có gì cải thiện.<br/><b>Mandi Garafelli (3:41 CH):</b> Trước khi thử bước 3, hãy vào thư mục “ứng dụng” và </span><span class="fontstyle2">tìm biểu tượng có nội dung “Pictures 3000.” Bạn có nhìn thấy nó không?<br/></span><span class="fontstyle0"><b>Theo Ubari (3:42 CH): </b></span><span class="fontstyle2">Vâng, nó ở đó. <br/></span><span class="fontstyle0"><b>Mandi Garafelli (3:43 CH):</b> Nhấp đúp vào nó. Hình ảnh của bạn sẽ tự động xuất hiện. <br/><b>Theo Ubari (3:44 CH):</b> Ô được rồi này! Cảm ơn bạn đã giúp đỡ!<br/><b>Mandi Garafelli (3:45 CH):</b> Chắc chắn rồi.</span><br/></p><hr/></div>', '<div><p><span class="fontstyle0"><b>Mandi Garafelli (3:32 P.M.):</b> Hello. Thanks for contacting Pictures Camera customer service. How can I help you today?<br/><b>Theo Ubari (3:33 P.M.): </b>Hi. I recently bought the Pictures 3000. I’m having trouble downloading photos from the camera to my computer.<br/><b>Mandi Garafelli (3:35 P.M.): </b>OK. Have you done these steps? 1. Check the connection between the camera and the computer. 2. Turn the camera off and on again. </span><span class="fontstyle2">3. Reboot the computer with the camera connected.<br/></span><span class="fontstyle0"><b>Theo Ubari (3:38 P.M.):</b> </span><span class="fontstyle2">I tried steps 1 and 2</span><span class="fontstyle0">. Nothing improved.<br/><b>Mandi Garafelli (3:41 P.M.):</b> Before you try step 3, go into your “applications” folder and </span><span class="fontstyle2">look for an icon that says “Pictures 3000.” Do you see it?<br/></span><span class="fontstyle0"><b>Theo Ubari (3:42 P.M.):</b> </span><span class="fontstyle2">Yes, it’s there.<br/></span><span class="fontstyle0"><b>Mandi Garafelli (3:43 P.M.):</b> Double click it. Your pictures should automatically appear.<br/><b>Theo Ubari (3:44 P.M.): </b>That worked! Thanks for your help!<br/><b>Mandi Garafelli (3:45 P.M.):</b> Sure thing.</span><br/> </p><hr/></div>', 1, '2025-05-20 21:47:03', '2025-05-20 21:47:03');
INSERT INTO questions (question, question_number, explanation, A, B, C, D, correct_answer, question_group_id, created_at, updated_at) VALUES ('What has Mr. Ubari NOT done?', 153, '<p><b>Dịch đáp án:</b></p><p><span>Ông Ubari CHƯA làm gì?</span></p><p><span>A. Mua một chiếc máy ảnh mới</span></p><p><span>B. Kết nối máy ảnh với máy tính</span></p><p><span>C. Khởi động lại máy ảnh</span></p><p><span>D. Khởi động lại máy tính</span></p>', 'Purchased a new camera', 'Connected the camera to the computer', 'Restarted the camera', 'Restarted the computer', 'D', 92, '2025-05-20 21:47:03', '2025-05-20 21:47:03');
INSERT INTO questions (question, question_number, explanation, A, B, C, D, correct_answer, question_group_id, created_at, updated_at) VALUES ('At 3:42 PM, what does Mr. Ubari most likely mean when he writes, "Yes, it''s there"?', 154, '<p><b>Dịch đáp án:</b></p><p><span>Vào lúc 3:42 chiều, rất có thể </span><span>anh</span><span> Ubari có ý gì khi viết "Có, nó ở đó"?</span></p><p><span>A. Anh ấy đã tìm thấy một biểu tượng</span></p><p><span>B. Anh ấy đã di chuyển máy ảnh</span></p><p><span>C. Anh ấy đã tải lên những bức ảnh</span></p><p><span>D. Anh ấy nhìn thấy hướng dẫn</span></p>', 'He found an icon', 'He moved the camera', 'He uploaded the pictures', 'He sees the instructions', 'A', 92, '2025-05-20 21:47:03', '2025-05-20 21:47:03');
INSERT INTO question_groups (id, part, group_index, transcript, passage, toeic_test_id, created_at, updated_at) VALUES (93, 'part7', 92, '<div><p><span class="fontstyle0"><b>MEMO</b></span></p><p><span class="fontstyle0"><b>Tới:</b> Tất cả nhân viên<br/><b>Từ: </b>Damian Perez<br/><b>Ngày: </b>3 tháng 9<br/><b>Re:</b> Kiểm tra an toàn<br/></span><span class="fontstyle2">Ngày mai, 4 tháng 9, chúng ta sẽ có một cuộc kiểm tra an toàn trong nhà máy tại đây. </span><span class="fontstyle0">Thanh tra, cô Hannah Langan, dự kiến sẽ đến lúc 8:30 sáng và rời đi lúc 3:30 chiều Lưu ý rằng sẽ có các cuộc họp sơ bộ trước khi tiến hành thanh tra. Dưới đây là lịch trình.</span></p><table class="table table-bordered"><tbody><tr><td><b>Time</b></td><td><b>Acitvity</b></td><td><b>Require attendees</b></td><td><b>Location</b></td></tr><tr><td>9:00 AM</td><td>Opening Meeting</td><td>All staff</td><td>Cafeteria</td></tr><tr><td>10:00 AM</td><td>Inspector meets with General Manager </td><td>Damian Perez</td><td>Meeting Room C</td></tr><tr><td>11:30 AM</td><td>Lunch</td><td>Damian Perez<br/></td><td>Cafeteria<br/></td></tr><tr><td>12:30 PM</td><td>Operations inspection</td><td>All staff</td><td>Factory floor</td></tr></tbody></table><p><span class="fontstyle0"><br/>Ngoại trừ cuộc họp khai mạc, công nhân của nhà máy phải có mặt tại các trạm làm việc của họ suốt cả ngày. </span><span class="fontstyle2">Trong quá trình thanh tra hoạt động, thanh tra có thể đến thăm các máy trạm và hỏi về máy móc. Vui lòng trả lời trực tiếp và trung thực, sau đó tiếp tục làm việc </span><span class="fontstyle0">ngay khi thanh tra rời đi. </span><br/></p><hr/></div>', '<div><p><span class="fontstyle0"><b>MEMO</b><br/><b>To:</b> All Staff<br/><b>From:</b> Damian Perez<br/><b>Date:</b> September 3<br/><b>Re:</b> Safety inspection<br/></span><span class="fontstyle2">Tomorrow, September 4, we will have a safety inspection here in the factory. </span><span class="fontstyle0">The inspector, Ms. Hannah Langan, is expected to arrive at 8:30 A.M. and depart by 3:30 p.m. Note that there will be preliminary meetings prior to the inspection itself. The schedule is below. </span></p><table class="table table-bordered"><tbody><tr><td><b>Time</b></td><td><b>Acitvity</b></td><td><b>Require attendees</b></td><td><b>Location</b></td></tr><tr><td>9:00 AM</td><td>Opening Meeting</td><td>All staff</td><td>Cafeteria</td></tr><tr><td>10:00 AM</td><td>Inspector meets with General Manager </td><td>Damian Perez</td><td>Meeting Room C</td></tr><tr><td>11:30 AM</td><td>Lunch</td><td>Damian Perez<br/></td><td>Cafeteria<br/></td></tr><tr><td>12:30 PM</td><td>Operations inspection</td><td>All staff</td><td>Factory floor</td></tr></tbody></table><p><span class="fontstyle0">With the exception of the opening meeting, factory floor workers should be at their regular stations throughout the day. </span><span class="fontstyle2">During the operations inspection, the inspector may visit workstations and ask about machines. Please respond directly and honestly, and then continue working </span><span class="fontstyle0">as soon as the inspector moves on.</span><br/> </p><hr/></div>', 1, '2025-05-20 21:47:03', '2025-05-20 21:47:03');
INSERT INTO questions (question, question_number, explanation, A, B, C, D, correct_answer, question_group_id, created_at, updated_at) VALUES ('Who most likely is Mr. Perez', 155, '<p><b>Dịch đáp án:</b></p><p><span>Ông Perez có khả năng là ai?</span></p><p><span>A. Một công nhân sàn nhà máy</span></p><p><span>B. Nhân viên dịch vụ ăn uống</span></p><p><span>C. Thanh tra an toàn</span></p><p><span>D. Tổng giám đốc</span></p>', 'A factory floor worker', 'A food service worker', 'The safety inspector', 'The general manager', 'D', 93, '2025-05-20 21:47:03', '2025-05-20 21:47:03');
INSERT INTO questions (question, question_number, explanation, A, B, C, D, correct_answer, question_group_id, created_at, updated_at) VALUES ('When will the inspection begin?', 156, '<p><b>Dịch đáp án:</b></p><p><span>Khi nào việc thanh tra sẽ bắt đầu?</span></p><p><span>A. Lúc 8h30 sáng</span></p><p><span>B. Lúc 10 giờ sáng</span></p><p><span>C. Lúc 12h30 trưa</span></p><p><span>D. Lúc 3h30 chiều</span></p>', 'At 8:30 AM', 'At 10:00 AM', 'At 12:30 PM', 'At 3:30 PM', 'C', 93, '2025-05-20 21:47:03', '2025-05-20 21:47:03');
INSERT INTO questions (question, question_number, explanation, A, B, C, D, correct_answer, question_group_id, created_at, updated_at) VALUES ('What does the memo suggest about factory floor workers?', 157, '<p><b>Dịch đáp án:</b></p><p><span>Bản ghi nhớ gợi ý gì về công nhân sàn nhà máy?</span></p><p><span>A. Phải chuẩn bị báo cáo bằng văn bản</span></p><p><span>B. Họ có thể tan làm sớm</span></p><p><span>C. Công việc buổi chiều của họ có thể bị gián đoạn</span></p><p><span>D. Máy trạm của họ có thể không hoạt động</span></p>', 'They must prepare written reports', 'They will be able to leave work early', 'Their affternoon work might be interrupted', 'Their workstations might be unavailable', 'C', 93, '2025-05-20 21:47:03', '2025-05-20 21:47:03');
INSERT INTO question_groups (id, part, group_index, transcript, passage, toeic_test_id, created_at, updated_at) VALUES (94, 'part7', 93, '<div><p><span class="fontstyle0"><b>Từ: </b>Heallhhome ‹<a class="__cf_email__" data-cfemail="432b20222f372b2b2c2e262d2c3126332f3a032b20222f372b2b2c2e266d2d26376d3628" href="/cdn-cgi/l/email-protection">[email protected]</a>›<br/><b>Tới: </b>Steve Mayer Ngày: Thứ sáu, ngày 3 tháng bảy<br/><b>Chủ đề: </b>Trang web mới của chúng tôi<br/>Xin chào,<br/></span><span class="fontstyle2">Chúng tôi biết ơn rằng bạn đã là một thành viên nhiệt thành </span><span class="fontstyle0">với </span><span class="fontstyle2">Trang web của chúng tôi</span><span class="fontstyle0">. Chúng tôi khuyến khích bạn truy cập lại healthhome.net.uk càng sớm càng tốt! Bạn sẽ thấy một </span><span class="fontstyle2">giao diện </span><span class="fontstyle0">mới, vì chúng tôi đã tạo ra một Trang web mới, hấp dẫn và dễ điều hướng. Nhóm các nhà phát triển Web, tác giả và nhà thiết kế của chúng tôi đã làm việc trong nhiều tháng để làm cho Trang web của chúng tôi chính xác là những gì bạn cần.<br/>Thiết kế mới bao gồm các nút mạng xã hội ở đầu trang để cải thiện khả năng truy cập. </span><span class="fontstyle2">Nội dung của trang web dễ xem hơn nhiều trên máy tính bảng và điện thoại di động so với trước đây. </span><span class="fontstyle0">Ngoài ra, cửa hàng trực tuyến dễ điều hướng hơn đáng kể. Cuối cùng, chúng tôi đã củng cố phần Education Centre của trang web bằng cách thêm một tính năng đố vui được thiết kế để tạo điều kiện giúp bạn hiểu rõ hơn về sứckhỏe và dinh dưỡng.<br/>Chúng tôi hy vọng bạn thấy Trang web mới trực quan hơn và dễ điều hướng hơn nhiều.<br/>Healthhome</span><br/></p><hr/></div>', '<div><p><span class="fontstyle0"><b>From:</b> Heallhhome ‹<a class="__cf_email__" data-cfemail="88e0ebe9e4fce0e0e7e5ede6e7faedf8e4f1c8e0ebe9e4fce0e0e7e5eda6e6edfca6fde3" href="/cdn-cgi/l/email-protection">[email protected]</a>›<br/><b>To:</b> Steve Mayer Date: Friday, 3 July<br/><b>Subject: </b>Our new Web site<br/>Hello,<br/></span><span class="fontstyle2">We are grateful that you have been a committed subscriber to our Website</span><span class="fontstyle0">. We encourage you to visit healthhome.net.uk again as soon as possible! You will discover a new </span><span class="fontstyle2"><b>look</b></span><span class="fontstyle0">, as we have created a fresh, appealing, and easy-to-navigate Website. Our team of Web developers, writers, and designers has worked for months to make our Website exactly what you need it to be.<br/>The new design includes social media buttons at the top of the page for improved access. </span><span class="fontstyle2">The site’s content is much easier to view on tablets and mobile phones than it used to be</span><span class="fontstyle0">. Also, the online store is significantly easier to navigate. Finally, we enhanced the site’s Education Centre by adding a quiz feature designed to facilitate a greater understanding of health and nutrition.<br/>We hope you find the new Website much more intuitive and pleasant to navigate.<br/>Healthhome</span><br/> </p><hr/></div>', 1, '2025-05-20 21:47:03', '2025-05-20 21:47:03');
INSERT INTO questions (question, question_number, explanation, A, B, C, D, correct_answer, question_group_id, created_at, updated_at) VALUES ('Who most likely is Mr. Mayer?', 158, '<p><b>Dịch đáp án:</b></p><p><span>Ông Mayer có khả năng là ai?</span></p><p><span>A. Chuyên gia y tế</span></p><p><span>B. Người sử dụng trang web Healthhome</span></p><p><span>C. Nhà thiết kế trang web</span></p><p><span>D. Người đóng góp bài viết cho Healthhome</span></p>', 'A health professional', 'A Healthhome Web-site user', 'A Web-site designer', 'A Healthhome article contributor', 'B', 94, '2025-05-20 21:47:03', '2025-05-20 21:47:03');
INSERT INTO questions (question, question_number, explanation, A, B, C, D, correct_answer, question_group_id, created_at, updated_at) VALUES ('The word ''look'' in paragraph 1, line 2, is closest in meaning to', 159, '<p><b>Dịch đáp án:</b></p><p><span>Từ ''look'' ở đoạn 1, dòng 2 có nghĩa gần nhất với</span></p><p><span>A. tìm kiếm</span></p><p><span>B. ngoại hình</span></p><p><span>C. ảnh</span></p><p><span>D. liếc nhìn</span></p>', 'search', 'appearance', 'photograph', 'glance', 'B', 94, '2025-05-20 21:47:03', '2025-05-20 21:47:03');
INSERT INTO questions (question, question_number, explanation, A, B, C, D, correct_answer, question_group_id, created_at, updated_at) VALUES ('What does the e-mail suggest about the previous Web site?', 160, '<p><b>Dịch đáp án:</b></p><p><span>Thư điện tử gợi ý gì về Trang web trước đó?</span></p><p><span>A. Nó không có cửa hàng trực tuyến</span></p><p><span>B. Một số người ghé thăm nó hàng ngày</span></p><p><span>C. Rất khó xem nó trên một số thiết bị</span></p><p><span>D. Nó có các câu đố dinh dưỡng tương tác</span></p>', 'It did not have an online store', 'Some people visited it on daily basis', 'Viewing it on some devices was difficult', 'It featured interactive nutrition quizzes', 'C', 94, '2025-05-20 21:47:03', '2025-05-20 21:47:03');
INSERT INTO question_groups (id, part, group_index, transcript, passage, toeic_test_id, created_at, updated_at) VALUES (95, 'part7', 94, '<div><p><span class="fontstyle0"><b><u>Webmarch vẫn phát triển mạnh mẽ sau mười lăm năm</u></b><br/>(Ngày 20 tháng 11) - Webmarch đã cách mạng hóa việc tiêu thụ video khi lần đầu tiên ra mắt dịch vụ phát trực tuyến trên Internet. - [1] -. Với một khoản phí hàng tháng, khách hàng có thể xem trực tuyến bao nhiêu phim tùy thích. Mười lăm năm sau, công ty tiếp tục phát triển và mở rộng. Webmarch giờ đây không chỉ phát trực tuyến phim và chương trình truyềnhình mà còn sản xuất nội dung được giới phê bình đánh giá cao. - [2] -.<br/>Những dịch vụ khác, chẳng hạn như Movieriver, với các mô hình kinh doanh tương tự, nhưng điều làm cho Webmarch trở nên độc đáo là phạm vi tiếp cận toàn cầu của nó. - [3] -. Mặc dù hiện có sẵn ở 40 quốc gia, Webmarch đã thông báo rằng họ sẽ mở rộng dịch vụ của mình đến 46 quốc gia khác vào ngày 8 tháng 2. - [4] -. </span><span class="fontstyle2">Dịch vụ này hiện có sẵn nội dung bằng mười sáu ngôn ngữ, với<br/>phụ đề có sẵn bằng mười bốn ngôn ngữ khác </span><span class="fontstyle0">để mọi người từ khắp nơi trên thế giới có thể thưởng thức các chương trình giống nhau.</span><br/></p><hr/></div>', '<div><p><span class="fontstyle0"><b><u>Webmarch Still Going Strong After Fifteen Years</u></b><br/>(November 20) — Webmarch revolutionized video consumption when it first launched its Internet streaming service. — [1] —. For a monthly fee, customers could watch as many movies as they liked online. Fifteen years later, the company continues to grow and expand. Webmarch now not only streams movies and television shows but also produces its own critically acclaimed<br/>content. — [2] —.<br/>There are other services, such as Movieriver, with similar business models, but what makes Webmarch unique is its global reach. — [3] —. While currently available in 40 countries, Webmarch announced that it will be expanding its service to an additional 46 countries by February 8. — [4] —. The service has content available in sixteen languages, with subtitles available in an additional fourteen languages so that people from all over the world can enjoy the same programs.</span><br/> </p><hr/></div>', 1, '2025-05-20 21:47:03', '2025-05-20 21:47:03');
INSERT INTO questions (question, question_number, explanation, A, B, C, D, correct_answer, question_group_id, created_at, updated_at) VALUES ('What is the purpose of the article?', 161, '<p><b>Dịch đáp án:</b></p><p><span>Mục đích của bài báo là gì?</span></p><p><span>A. Để quảng cáo dịch vụ phát trực tuyến mới của Webmarch</span></p><p><span>B. Trình bày chi tiết về việc sáp nhập giữa Webmarch và Movieriver</span></p><p><span>C. Tóm tắt lịch sử và tương lai của Webmarch</span></p><p><span>D. Để báo cáo về sự thay đổi giá của Webmarch</span></p><p><span>Giải thích: Đọc đoạn đầu sẽ thấy nó nói về lịch sử công ty này từ lúc hình thành, đoạn 2 nói về định hướng phát triển công ty trong tương lai</span></p>', 'To advertise Webmarch''s new online streaming service', 'To detail a merger between Webmarch and Movieriver', 'To profile the history and future of Webmarch', 'To report on Webmarch''s change in pricing', 'C', 95, '2025-05-20 21:47:03', '2025-05-20 21:47:03');
INSERT INTO questions (question, question_number, explanation, A, B, C, D, correct_answer, question_group_id, created_at, updated_at) VALUES ('What is true about Webmarch?', 162, '<p><b>Dịch đáp án:</b></p><p><span>Điều gì đúng về Webmarch?</span></p><p><span>A. Các đối thủ cạnh tranh của nó cung cấp ít buổi biểu diễn hơn</span></p><p><span>B. Số lượng khách hàng của nó đã tăng gấp ba lần trong hai năm</span></p><p><span>C. Nó hiện có sẵn ở 46 quốc gia</span></p><p><span>D. Nó cung cấp video bằng nhiều ngôn ngữ</span></p>', 'Its competitors offer fewer shows', 'Its customer base has tripled in two years', 'It is currently available in 46 countries', 'It offers videos in many languages', 'D', 95, '2025-05-20 21:47:03', '2025-05-20 21:47:03');
INSERT INTO questions (question, question_number, explanation, A, B, C, D, correct_answer, question_group_id, created_at, updated_at) VALUES ('In which of the positions marked [1], [2], [3], [4] does the following sentence best belong? "It was an immediate success"', 163, '<div><p><span class="fontstyle0">Giải thích: Trước chỗ trống [1] đang nói về sự hình thành công ty này, ra mắt dịch vụ phát trực tuyến và chính điều này là một sự thành công ngay lập tức tại thời điểm ra mắt đó.</span><br/></p></div><div>Trong các vị trí được đánh dấu [1], [2], [3] và [4] câu nào sau đây đúng nhất? "Đó là một thành công ngay nhanh chóng."</div>', '[1]', '[2]', '[3]', '[4]', 'A', 95, '2025-05-20 21:47:03', '2025-05-20 21:47:03');
INSERT INTO question_groups (id, part, group_index, transcript, passage, toeic_test_id, created_at, updated_at) VALUES (96, 'part7', 95, '<div>
<p><strong>ZOVTECH</strong><br>
Khách hàng của Zovtech hài lòng nhất khi họ hiểu rõ cách sử dụng sản phẩm của mình và tận dụng tối đa chúng. Vì các sản phẩm của Zovtech cung cấp nhiều tính năng công nghệ tiên tiến, chẳng hạn như hẹn giờ tự động trên máy giặt và cài đặt ánh sáng đa dạng trên lò vi sóng, điều quan trọng là phải liệt kê và giải thích rõ ràng các tính năng này trong hướng dẫn sử dụng. Khi viết nội dung cho sách hướng dẫn, hãy cố gắng đặt chính mình vào vị trí của người dùng và xem xét các tính năng nào có thể cần giải thích chi tiết hơn. Các công cụ hỗ trợ trực quan như sơ đồ hoặc ảnh có thể đặc biệt hữu ích trong quá trình thực hiện và chúng cũng có thể giúp giảm thiểu độ dài và độ phức tạp của các hướng dẫn bằng lời nói. Việc đính kèm các ví dụ cụ thể cũng có thể giúp người dùng nắm bắt các khái niệm phức tạp nhanh hơn cũng như xác định sớm trong quá trình sử dụng nếu gì đó không hoạt động bình thường.</br></p>
<hr/></div>', '<div>
<p><strong>ZOVTECH</strong><br>
Zovtech customers are most satisfied when they fully understand how to use their products and get the most out of them. Because Zovtech''s products offer many innovative technology features, such as auto-timers on washing machines and variable light settings on microwave ovens, it is important to list and explain these features clearly in the user manuals. When writing the text for a manual, try to put yourself in the user''s position and consider which features might need a more detailed explanation. Visual aids such as diagrams or photographs can be especially useful in outlining a process, and they can also serve to minimize the length and complexity of verbal instructions. Including specific examples can also help users <strong>grasp </strong>complex concepts more quickly as well as determine early in the process if something is not working properly.</br></p>
<hr/></div>', 1, '2025-05-20 21:47:03', '2025-05-20 21:47:03');
INSERT INTO questions (question, question_number, explanation, A, B, C, D, correct_answer, question_group_id, created_at, updated_at) VALUES ('For whom are the instructions most likely intended?', 164, '<p><b>Dịch đáp án:</b></p><p><span>Những chỉ dẫn có nhiều khả năng dành cho ai?</span></p><p><span>A. Người sử dụng sản phẩm Zovtech</span></p><p><span>B. Nhân viên bán hàng tại cửa hàng Zovtech</span></p><p><span>C. Nhà thiết kế sản phẩm Zovtech</span></p><p><span>D. Người viết hướng dẫn sử dụng sản phẩm Zovtech</span></p>', 'Users of Zovtech products', 'Salespeople in Zovtech stores', 'Designers of Zovtech products', 'Writers of Zovtech product manuals', 'D', 96, '2025-05-20 21:47:03', '2025-05-20 21:47:03');
INSERT INTO questions (question, question_number, explanation, A, B, C, D, correct_answer, question_group_id, created_at, updated_at) VALUES ('What does Zovtech manufacture?', 165, '<p><b>Dịch đáp án:</b></p><p><span>Zovtech sản xuất cái gì?</span></p><p><span>A. Thiết bị gia dụng</span></p><p><span>B. Ôtô</span></p><p><span>C. Dụng cụ vệ sinh</span></p><p><span>D. Thiết bị chụp ảnh</span></p>', 'Appliances', 'Automobiles', 'Cleaning supplies', 'Photography equipment', 'A', 96, '2025-05-20 21:47:03', '2025-05-20 21:47:03');
INSERT INTO questions (question, question_number, explanation, A, B, C, D, correct_answer, question_group_id, created_at, updated_at) VALUES ('According to the instructions, when are pictures useful?', 166, '<p><b>Dịch đáp án:</b></p><p><span>Theo hướng dẫn, khi nào hình ảnh có ích?</span></p><p><span>A. Người dân ở các quốc gia khác nhau có thể hiểu được chúng</span></p><p><span>B. Hiển thị rõ ràng khi có gì đó không hoạt động bình thường</span></p><p><span>C. Giảm số lượng văn bản cần thiết</span></p><p><span>D. Họ thu hút nhiều người hơn vào một trang Web</span></p>', 'They can be understood by people in different countries', 'The clearly show when something is not working properly', 'The reduce the amount of written text needed', 'They attact more people to a Web site', 'C', 96, '2025-05-20 21:47:03', '2025-05-20 21:47:03');
INSERT INTO questions (question, question_number, explanation, A, B, C, D, correct_answer, question_group_id, created_at, updated_at) VALUES ('The word "grasp" in paragraph 1, line 10 is closest in meaning to', 167, '<p><b>Dịch đáp án:</b></p><p><span>Từ “grasp" ở đoạn 1, dòng 10 gần nghĩa nhất với</span></p><p><span>A. giữ</span></p><p><span>B. thắt chặt</span></p><p><span>C. hoàn thành</span></p><p><span>D. hiểu</span></p>', 'hold', 'tighten', 'accomplish', 'understand', 'D', 96, '2025-05-20 21:47:03', '2025-05-20 21:47:03');
INSERT INTO question_groups (id, part, group_index, transcript, passage, toeic_test_id, created_at, updated_at) VALUES (97, 'part7', 96, '<div>
<p><a href="http://www.softwareopinion.com/">http://www.softwareopinion.com</a></p>
<p>Trang chủ  |  <strong>Nhận xét</strong>  |  Liên hệ</p>
<p>Ứng dụng S-Tor</p>
<p><img alt="" src="data:image/png;base64,iVBORw0KGgoAAAANSUhEUgAAAIkAAAAcCAYAAABVj5w5AAAKJUlEQVRoBe2aVazUUBCGeeeRkPAID7hDILi7u7tLcHd3d3eXQCAQPDjB3d3d3Yd8k5xNd2+723bv3geyTXq7bc85c87Mf2b+md5kEj/iGoiggWQR3sdfxzUgyf7+/SvxM66DcBjwDJKLFy8mGag+f/4snz59ShJ5L1++lGfPniWJrK9fv8qHDx+SRFY447t95wkkz58/l+TJkyfZ4rp27Sq7d++Oqbw/f/7o+PPmzZMGDRrEVBZGQd6xY8ekYsWK+tutoaJp17p166hkeQLJ/PnzpVq1ajJ16tSYK3PDhg2SL18+qVKlSlQLjKRcjPb792/p06ePNGrUSB48eBDTtSGvd+/eMmrUKNm1a1dMZbH2JUuWSMGCBWXNmjW+9egaJD9//pRu3bpJjx49JF26dPLo0aOYLrBevXrSpUsXqVWrlqxcuTJmsjDaokWLZO/evfLw4UMpXbp0zGRhtMePH8uUKVPk48eP0r59ewUoc4gEZj/vsVnjxo3lx48fUqxYMfn+/bsvOa6yGyY4ffp0qVOnjuBN6tevL7Nnz44Z74cbYKyFCxfK4MGDVS67PRbHt2/fpHnz5gL/4WBtp0+fTnRR6NB4kVu3bun4w4cPl3379qnhEl2giAJ/3LhxOv6CBQs0AviR4wokX758kTRp0uiOq1Chgixfvlxy586t3sSP0Eh9Zs6cKfCRIUOGyOTJk6V48eJy+/btSN18vV+2bJlMmjQpYCjCTd++fXUsDJtYB2OdPXtWPaMZE29M6ElMOWZswF+uXLkAQf7165d07NjRvPZ0dQUS4me7du3U/c+ZM0cGDRokVatWVa/iSZqLxigyc+bMMmzYMJkwYYLKQpFwoVh4kyZNmgQUaaYHSAw3Mc+ivQIEPNaOHTsCQ/Fs1qxZcvjw4cCzxPqxatUqmThxYtBwmzZtkp07dwY9c3OTgJO8evVKDh06JOwwOEjNmjWlUqVK0r9/f5k7d64MHDhQOnXqpMQrS5YsUqhQIW0HkOhHKsni3ZykgvQhdCGLs3z58hpeFi9eLLhjForRCAMFChTQNtOmTdN+9MXLuZF18+bNQJ8xY8ZImzZtpHDhwrJ27doE/c+dO6fvWSdzWrp0qee1wW+Y34ABA3QMNlfnzp2DyCPhB1k1atRQrtezZ0/tc/LkyQRzirRG9I481gPHatWqlbx9+zZoHNLuokWLCnOhrVteGQAJBCdjxoxSpEgRyZs3r6aDECt28YgRI5Rscc8EMNrYsWP1HZyB9w0bNlSSxCQyZcoUcKN2iztw4IC2yZUrl9SuXVvYzRBixmQsuEj37t1l9OjRMnToUBk/frwQgnCXyEOp9CtTpoxkyJBBvYwTKSNMZcuWTbMkdu2WLVvk0qVL8uLFC+UhdvMzz968eSPXrl3TzcEGATQpU6bUnW/aWK+4dAgiIRkd0YcsDVlsCKc5Ehow8qlTp7RPr169hJNxVq9eHWRoqzw2FyS4WbNmGsYIzwAa4MGxrG3N7ydPnijnYm7YFrthB2zrlG0FQIIrRxjGwVgYg9oBBpoxY4YaD6PBEWiD8TiZGFkI6MTLECIASiSUYnTcL7uH9JNxIVnII69nPMYm7LCgfv36KRcCUAAVOWRAZD8QTaMEu+u2bdsUhBjR7r3bZ6T+eDF05dQHY7do0UIuX77s2Mapr/X5iRMnJHv27PL69WvHcdBx06ZNHQFhHc/pN94MQFFuOH78uK2sAEgYhKyCghLeBJeM8XHLgAOjgW4AwjtAxM7EqBgS5RGa6tatK6DVaVLW54QSwhUGZ+cxFuMDGEDEM3YG3mXFihXqcYi1zIfwQxh0W7kEKGRnfoACKADp0aNHXa2LkM38jhw54qq9VSf8xvugd9Lk0Heh93ipkiVL+gYKwCAxIDyGjm3ug0DCQ4ACMYUo4srY3ZzsaoyJl8HjmOeAhTCAwchInj596ijMCLVe4T758+fX9AxDABBAOHLkSD2RBZjgRBSGaANoKleuLO/fv/ckC1JMOPBa6mft69at8yQLGS1btgwQYOuaw/0+ePCgbhQvawMopUqVkhs3bnia4/379zVkcw03pwQgoTE7B+8AiQQYAALDEZMJEYQhgAGYIHa4fYiSV4CYiRE+AAoxFnBA9pAPAJELXyHkIAMPkzVrVk2JTX+3V1wrcZ8Q5cQPQscCoOvXrw+rxNA+5v7evXvStm1bLaAh2zx3urKrySK9AMSMxSeTsmXLugYlBTY8/507dyLOyzEFZidAYPEcxoMACvONA2Oxw1Bi+vTp1QO5Safs2rBQlIP3Aih4DbwFgAEoFPLIDHhXvXr1oDTSbjynZ8jhoLqK4TnMM70J+cPOJMRSufR7sMvRXzg5vANEadOm1fDpVxablDDl5gAg5mNtpPZhQYKrZ0ezSAMIjAk/ATwQTgyZJ0+eRAEJwAOIpNOQZQACGcZQgBG+ghcgbPg5jKEoBsIvOMwzu/HIOiCh0RykmnjBcHJ4x4mOozngZ2Qrbg50zBFuXmYcR5CwA2C81Cpw95BKXCffUYi1GI7sBpBEW31longPTiZPBZTfKI1QB1HlnrkkhifBIxFu3CgJDxbN4QUkrC2a4927d66rqujSbcHQlpNgtO3bt2vMQknsblJVuAOlXgzJvSGYkMitW7cqKunr9cTV5syZU8eFLANAxiZ3p34DOPlmxDs8GXzIqwzaG15g9y8BFy5ckDNnziQYFzKO8v3Iow9ElMzByOaZKSKaMc071hVN6kzxjG80ZtxwVzw0NSQjO1xbR5BgFApW1AZIhalO8skZVw2BJX5CWgkJGI4UOJygcO+uX7+u2QqZDeADlKR1hBzqAICQ0Ea4IczlyJHDlywUAr+wfuklXeXfETAQYZUQS7ps5st8ILvm3usVsENEjTHQHwQcveE59u/fH3hHuk+l2asM057+e/bsCfRnbXh9QhD6s5YmKCqibzMvM4bd1REkcBEWiEIhsNT8rQNcuXJFSpQooSGJcEAm5EagdQzzm28XgAFQkrODcmt5n4ISi4XYUoeBdMHmTX+3V+ZHGR8DnT9/Xot2gI4dZcYARPAfsrjNmzdrrQOwmvder4CM0EaYRl94YzMG8yGcAtCrV69qCgvx5L0fXRpPhO7QJTqDVzEe3gwPipfGY5J5wZXcyLEFCR0BBx/arLvKLM565YMV7VKlSuWq+GPta36jqBQpUmjqa57ZXclKUGLq1KmF0r5dm3DPWBcKhGvhHflk79T+7t27KosNYr4SO7V1eg7g+L7F5wM8s1M7QkyHDh309AsS1gapx0sBECvwrXIJf2wA1hQVSED+xo0bXefrVAbJTNx+bLNOmt9kS24rp7Tn3/+clBA6dug9H8+88CfA4jcEUDanAEhNInQedveEA7//9QdIDM+wGzv0Gf/HAt8LfW5375jdRMOy432TXgMYF4IdiyMOklho9T8bMw6S/8ygsViOLXG1i0vxZ97rP/+Lzv4BrZKENgf9HI4AAAAASUVORK5CYII="><br>
"Tôi thấy thất vọng với dịch vụ khách hàng mà tôi đã nhận được."<br>
Công việc của tôi liên quan đến việc điều phối các sự kiện quy mô lớn của công ty như hội chợ và triển lãm thương mại. — [1] —. Do tôi đi trên đường rất nhiều, tôi nhận thấy S-Tor là lựa chọn ho&amp;agravagraven hảo để lưu trữ danh sách nhà cung cấp, lịch trình chương trình và các tài liệu quan trọng khác mà tôi cần truy cập kỹ thuật số ở bất kỳ đâu. — [2] —. Thực ra, tôi đã trở nên phụ thuộc vào S-Tor đến mức tôi không bao giờ ngừng lại để nghĩ xem mình sẽ làm gì nếu một ngày nào đó tôi không thể truy cập vào nó. </br></br></img></p>
<p>Tuy nhiên, ngày đó cuối cùng cũng đến, và tôi đã thất vọng với dịch vụ khách hàng mà tôi nhận được. Khi tôi liên hệ với bộ phận trợ giúp để thông báo rằng tôi không thể đăng nhập, tôi đã được chuyển từ người đại<br>
diện này sang người đại diện khác, mỗi người đều hướng dẫn tôi qua cùng một quy trình khắc phục sự cố. — [3] —. Cuối cùng tôi đã có thể đăng nhập vào ứng dụng, nhưng chỉ sau nhiều lần thử đi thử lại và gặp lỗi liên tục. Tuy nhiên, mọi người tôi nói chuyện với đều tốt và lịch sự.</br></p>
<p>Tóm lại, tôi yêu thích ứng dụng S-Tor, nhưng tôi phải chắc chắn rằng tôi có thể nhanh chóng sử dụng lại nó nếu có sự cố. — [4] —. Sau trải nghiệm này với bộ phận trợ giúp của S-Tor, tôi đã quyết định xem xét các sản phẩm tương tự để so sánh chúng.</p>
<p>—Adele Mohlmann</p>
<hr/></div>', '<div>
<p><a href="http://www.softwareopinion.com">http://www.softwareopinion.com</a></p>
<p>Home  |  <strong>Reviews</strong>  |  Contact us</p>
<p>S-Tor Application</p>
<p><img alt="" src="data:image/png;base64,iVBORw0KGgoAAAANSUhEUgAAAIkAAAAcCAYAAABVj5w5AAAKJUlEQVRoBe2aVazUUBCGeeeRkPAID7hDILi7u7tLcHd3d3eXQCAQPDjB3d3d3Yd8k5xNd2+723bv3geyTXq7bc85c87Mf2b+md5kEj/iGoiggWQR3sdfxzUgyf7+/SvxM66DcBjwDJKLFy8mGag+f/4snz59ShJ5L1++lGfPniWJrK9fv8qHDx+SRFY447t95wkkz58/l+TJkyfZ4rp27Sq7d++Oqbw/f/7o+PPmzZMGDRrEVBZGQd6xY8ekYsWK+tutoaJp17p166hkeQLJ/PnzpVq1ajJ16tSYK3PDhg2SL18+qVKlSlQLjKRcjPb792/p06ePNGrUSB48eBDTtSGvd+/eMmrUKNm1a1dMZbH2JUuWSMGCBWXNmjW+9egaJD9//pRu3bpJjx49JF26dPLo0aOYLrBevXrSpUsXqVWrlqxcuTJmsjDaokWLZO/evfLw4UMpXbp0zGRhtMePH8uUKVPk48eP0r59ewUoc4gEZj/vsVnjxo3lx48fUqxYMfn+/bsvOa6yGyY4ffp0qVOnjuBN6tevL7Nnz44Z74cbYKyFCxfK4MGDVS67PRbHt2/fpHnz5gL/4WBtp0+fTnRR6NB4kVu3bun4w4cPl3379qnhEl2giAJ/3LhxOv6CBQs0AviR4wokX758kTRp0uiOq1Chgixfvlxy586t3sSP0Eh9Zs6cKfCRIUOGyOTJk6V48eJy+/btSN18vV+2bJlMmjQpYCjCTd++fXUsDJtYB2OdPXtWPaMZE29M6ElMOWZswF+uXLkAQf7165d07NjRvPZ0dQUS4me7du3U/c+ZM0cGDRokVatWVa/iSZqLxigyc+bMMmzYMJkwYYLKQpFwoVh4kyZNmgQUaaYHSAw3Mc+ivQIEPNaOHTsCQ/Fs1qxZcvjw4cCzxPqxatUqmThxYtBwmzZtkp07dwY9c3OTgJO8evVKDh06JOwwOEjNmjWlUqVK0r9/f5k7d64MHDhQOnXqpMQrS5YsUqhQIW0HkOhHKsni3ZykgvQhdCGLs3z58hpeFi9eLLhjForRCAMFChTQNtOmTdN+9MXLuZF18+bNQJ8xY8ZImzZtpHDhwrJ27doE/c+dO6fvWSdzWrp0qee1wW+Y34ABA3QMNlfnzp2DyCPhB1k1atRQrtezZ0/tc/LkyQRzirRG9I481gPHatWqlbx9+zZoHNLuokWLCnOhrVteGQAJBCdjxoxSpEgRyZs3r6aDECt28YgRI5Rscc8EMNrYsWP1HZyB9w0bNlSSxCQyZcoUcKN2iztw4IC2yZUrl9SuXVvYzRBixmQsuEj37t1l9OjRMnToUBk/frwQgnCXyEOp9CtTpoxkyJBBvYwTKSNMZcuWTbMkdu2WLVvk0qVL8uLFC+UhdvMzz968eSPXrl3TzcEGATQpU6bUnW/aWK+4dAgiIRkd0YcsDVlsCKc5Ehow8qlTp7RPr169hJNxVq9eHWRoqzw2FyS4WbNmGsYIzwAa4MGxrG3N7ydPnijnYm7YFrthB2zrlG0FQIIrRxjGwVgYg9oBBpoxY4YaD6PBEWiD8TiZGFkI6MTLECIASiSUYnTcL7uH9JNxIVnII69nPMYm7LCgfv36KRcCUAAVOWRAZD8QTaMEu+u2bdsUhBjR7r3bZ6T+eDF05dQHY7do0UIuX77s2Mapr/X5iRMnJHv27PL69WvHcdBx06ZNHQFhHc/pN94MQFFuOH78uK2sAEgYhKyCghLeBJeM8XHLgAOjgW4AwjtAxM7EqBgS5RGa6tatK6DVaVLW54QSwhUGZ+cxFuMDGEDEM3YG3mXFihXqcYi1zIfwQxh0W7kEKGRnfoACKADp0aNHXa2LkM38jhw54qq9VSf8xvugd9Lk0Heh93ipkiVL+gYKwCAxIDyGjm3ug0DCQ4ACMYUo4srY3ZzsaoyJl8HjmOeAhTCAwchInj596ijMCLVe4T758+fX9AxDABBAOHLkSD2RBZjgRBSGaANoKleuLO/fv/ckC1JMOPBa6mft69at8yQLGS1btgwQYOuaw/0+ePCgbhQvawMopUqVkhs3bnia4/379zVkcw03pwQgoTE7B+8AiQQYAALDEZMJEYQhgAGYIHa4fYiSV4CYiRE+AAoxFnBA9pAPAJELXyHkIAMPkzVrVk2JTX+3V1wrcZ8Q5cQPQscCoOvXrw+rxNA+5v7evXvStm1bLaAh2zx3urKrySK9AMSMxSeTsmXLugYlBTY8/507dyLOyzEFZidAYPEcxoMACvONA2Oxw1Bi+vTp1QO5Safs2rBQlIP3Aih4DbwFgAEoFPLIDHhXvXr1oDTSbjynZ8jhoLqK4TnMM70J+cPOJMRSufR7sMvRXzg5vANEadOm1fDpVxablDDl5gAg5mNtpPZhQYKrZ0ezSAMIjAk/ATwQTgyZJ0+eRAEJwAOIpNOQZQACGcZQgBG+ghcgbPg5jKEoBsIvOMwzu/HIOiCh0RykmnjBcHJ4x4mOozngZ2Qrbg50zBFuXmYcR5CwA2C81Cpw95BKXCffUYi1GI7sBpBEW31longPTiZPBZTfKI1QB1HlnrkkhifBIxFu3CgJDxbN4QUkrC2a4927d66rqujSbcHQlpNgtO3bt2vMQknsblJVuAOlXgzJvSGYkMitW7cqKunr9cTV5syZU8eFLANAxiZ3p34DOPlmxDs8GXzIqwzaG15g9y8BFy5ckDNnziQYFzKO8v3Iow9ElMzByOaZKSKaMc071hVN6kzxjG80ZtxwVzw0NSQjO1xbR5BgFApW1AZIhalO8skZVw2BJX5CWgkJGI4UOJygcO+uX7+u2QqZDeADlKR1hBzqAICQ0Ea4IczlyJHDlywUAr+wfuklXeXfETAQYZUQS7ps5st8ILvm3usVsENEjTHQHwQcveE59u/fH3hHuk+l2asM057+e/bsCfRnbXh9QhD6s5YmKCqibzMvM4bd1REkcBEWiEIhsNT8rQNcuXJFSpQooSGJcEAm5EagdQzzm28XgAFQkrODcmt5n4ISi4XYUoeBdMHmTX+3V+ZHGR8DnT9/Xot2gI4dZcYARPAfsrjNmzdrrQOwmvder4CM0EaYRl94YzMG8yGcAtCrV69qCgvx5L0fXRpPhO7QJTqDVzEe3gwPipfGY5J5wZXcyLEFCR0BBx/arLvKLM565YMV7VKlSuWq+GPta36jqBQpUmjqa57ZXclKUGLq1KmF0r5dm3DPWBcKhGvhHflk79T+7t27KosNYr4SO7V1eg7g+L7F5wM8s1M7QkyHDh309AsS1gapx0sBECvwrXIJf2wA1hQVSED+xo0bXefrVAbJTNx+bLNOmt9kS24rp7Tn3/+clBA6dug9H8+88CfA4jcEUDanAEhNInQedveEA7//9QdIDM+wGzv0Gf/HAt8LfW5375jdRMOy432TXgMYF4IdiyMOklho9T8bMw6S/8ygsViOLXG1i0vxZ97rP/+Lzv4BrZKENgf9HI4AAAAASUVORK5CYII="/><br/>
"I was disappointed with the customer service I received.”<br/>
My job involves coordinating largescale corporate events like trade shows<br/>
and conventions. — [1] —. Because I am on the road a lot, I have found S-Tor to be perfect for storing vendor lists, program schedules, and other important documents that I need to access digitally wherever I happen to be. — [2] —. In fact, I became so reliant on S-Tor that I never stopped to consider what I would do if I couldn''t access it one day. </p>
<p>That day finally came, though, and I was disappointed with the customer service I received. When I contacted the help desk to report that I was unable to log in, I was transferred from  representative to representative, each one walking me through the same troubleshooting procedure. — [3] —. I was eventually able to get back into the application, but only after much trial and error. Nonetheless, everyone I spoke with was nice and polite. </p>
<p>In short, I love the S-Tor application, but I have to be certain that I can quickly get it running again if something goes wrong. — [4] —. After this experience with S-Tor''s help desk, I have decided to look at similar products to see how they compare.</p>
<div>—Adele Mohlmann</div>
<hr/></div>', 1, '2025-05-20 21:47:03', '2025-05-20 21:47:03');
INSERT INTO questions (question, question_number, explanation, A, B, C, D, correct_answer, question_group_id, created_at, updated_at) VALUES ('Who most likely is Ms. Mohlmann?', 168, '<p><b>Dịch đáp án:</b></p><p><span>Cô Mohlmann rất có khả năng là ai?</span></p><p><span>A. Người thử nghiệm sản phẩm</span></p><p><span>B. Người tổ chức sự kiện</span></p><p><span>C. Một huấn luyện viên của công ty</span></p><p><span>D. Đại diện bán hàng</span></p>', 'A product tester', 'An event planner', 'A corporate trainer', 'A sales representative', 'B', 97, '2025-05-20 21:47:03', '2025-05-20 21:47:03');
INSERT INTO questions (question, question_number, explanation, A, B, C, D, correct_answer, question_group_id, created_at, updated_at) VALUES ('What is indicated about Ms. Mohlmann?', 169, '<p><b>Dịch đáp án:</b></p><p><span>Điều gì được chỉ ra về cô Mohlmann?</span></p><p><span>A. Cô ấy thường xuyên đi công tác</span></p><p><span>B. Cô ấy thích tài liệu giấy hơn</span></p><p><span>C. Cô ấy nhận được phần mềm miễn phí</span></p><p><span>D. Cô ấy thường xuyên thuyết trình</span></p>', 'She travels often for her job', 'She prefers paper documents', 'She receives software for free', 'She gives frequent presentations', 'A', 97, '2025-05-20 21:47:03', '2025-05-20 21:47:03');
INSERT INTO questions (question, question_number, explanation, A, B, C, D, correct_answer, question_group_id, created_at, updated_at) VALUES ('Why was Ms. Mohlmann unhappy with S-Tor''s customer service?', 170, '<p><b>Dịch đáp án:</b></p><p><span>Tại sao bà Mohlmann không hài lòng với dịch vụ chăm sóc khách hàng của S-Tor?</span></p><p><span>A. Vấn đề của cô ấy mất quá nhiều thời gian để giải quyết</span></p><p><span>B. Hướng dẫn đưa ra không rõ ràng</span></p><p><span>C. Nhân viên bộ phận trợ giúp không thân thiện</span></p><p><span>D. Cô ấy cảm thấy bị áp lực phải mua hàng</span></p>', 'Her issue took too long to resolve', 'The instructions given were not clear', 'Help-desk employees were unfriendly', 'She felt pressured to make a purchase', 'A', 97, '2025-05-20 21:47:03', '2025-05-20 21:47:03');
INSERT INTO questions (question, question_number, explanation, A, B, C, D, correct_answer, question_group_id, created_at, updated_at) VALUES ('In which of the positions marked [1], [2], [3], [4] does the following sentence best belong? "Instructing me to repeat the same steps over and over seemed pointless"', 171, '<div>Trong các vị trí được đánh dấu [1], [2], [3] và [4], câu sau đây thuộc về vị trí nào tốt nhất? "Việc hướng dẫn tôi lặp đi lặp lại các bước tương tự dường như vô nghĩa."</div>', '[1]', '[2]', '[3]', '[4]', 'C', 97, '2025-05-20 21:47:03', '2025-05-20 21:47:03');
INSERT INTO question_groups (id, part, group_index, transcript, passage, toeic_test_id, created_at, updated_at) VALUES (98, 'part7', 97, '<div>
<p><strong>Piper McNair (12 giờ 15)</strong></p>
<p>Chào Marcus và Cara. Công việc của các bạn thế nào rồi?</p>
<p><strong>Marcus Davison (12 giờ 17)</strong></p>
<p>Cây cối đã bị đốn hạ, và những cành cây và thân cây đang được chất lên xe tải. Tôi sắp xong việc ở đây tại cơ ngơi của Jones.</p>
<p><strong>Piper McNair (12 giờ 18)</strong></p>
<p>Tôi vừa nhận được cuộc gọi từ một khách hàng mới, cô Mirzoyan. Cô ấy nói rằng một cái cây trong sân nhà cô ấy đã bị đổ và cô ấy cần nó được dẹp đi ngay lập tức. Một nhân viên môi giới bất động sản sẽ ghé thăm nhà cô ấy vào sáng mai với một số người mua tiềm năng.</p>
<p><strong>Cara Brooks (12 giờ 19)</strong></p>
<p>Tôi sẽ đến nhà Smith trong khoảng một giờ nữa. Địa chỉ của cô Mirzoyan là gì?</p>
<p><strong>Piper McNair (12 giờ 19)</strong></p>
<p>234 Đại lộ Lakeside. Tôi sẽ nói với cô ấy rằng bạn có thể đến đó sau hai giờ nữa.</p>
<p><strong>Cara Brooks (12 giờ 20)</strong></p>
<p>Điều đó ổn với tôi.</p>
<p><strong>Piper McNair (12 giờ 20)</strong></p>
<p>Công việc có lẽ sẽ kéo dài ba giờ. Với kích thước của cái cây, bạn sẽ cần thêm một người nữa, vì vậy tôi đã gọi cho Grady.</p>
<p><strong>Marcus Davison (12 giờ 21)</strong></p>
<p>Hôm nay là thứ bảy mà.</p>
<p><strong>Piper McNair (12 giờ 22)</strong></p>
<p>Tôi hiểu, nhưng với việc Miles bị ốm trong bốn ngày qua, tôi không còn lựa chọn nào khác.</p>
<p><strong>Marcus Davison (12 giờ 22)</strong></p>
<p>Tôi rất vui vì anh ấy đã đồng ý giúp đỡ trong ngày nghỉ của mình. Mùa xuân này chúng ta có nhiều việc hơn thường lệ. Anh ấy có cần đi nhờ xe không?</p>
<p><strong>Piper McNair (12 giờ 23)</strong></p>
<p>Không. Chỉ cần cho anh ấy biết khi bạn đến được nhà của Mirzoyan. Tôi sẽ nói với cô Mirzoyan rằng cả ba người các bạn sẽ đến vào chiều nay.</p>
<hr/></div>', '<div>
<p><strong>Piper McNair (12:15 P.M.)</strong></p>
<p>Hi Marcus and Cara. How are your jobs coming along?</p>
<p><strong>Marcus Davison (12:17 P.M.)</strong></p>
<p>The trees have been cut down, and the limbs and trunks are being loaded into the truck. I''m just about done here at the Jones'' property.</p>
<p><strong>Piper McNair (12:18 P.M.)</strong></p>
<p>I just got a call from a new client, Ms. Mirzoyan. She said a tree in her yard has come down and she needs it removed right away. A real estate agent is stopping by her house tomorrow morning with some prospective buyers.</p>
<p><strong>Cara Brooks (12:19 P.M.)</strong></p>
<p>I should be done at the Smith property in about an hour. What is Ms. Mirzoyan''s address?</p>
<p><strong>Piper McNair (12:19 P.M.)</strong></p>
<p>234 Lakeside Avenue. I’ll tell her you can be there in a couple of hours.</p>
<p><strong>Cara Brooks (12:20 P.M.)</strong></p>
<p>That works for me.</p>
<p><strong>Piper McNair (12:20 P.M.)</strong></p>
<p>It will probably be a three-hour job. Given the size of the tree, you''ll need an extra pair of hands, so I''ve called Grady.</p>
<p><strong>Marcus Davison (12:21 P.M.)</strong></p>
<p>It''s Saturday.</p>
<p><strong>Piper McNair (12:22 P.M.)</strong></p>
<p>I understand, but with Miles out sick for the last four days, I had no choice.</p>
<p><strong>Marcus Davison (12:22 P.M.)</strong></p>
<p>I''m glad he agreed to help out on his day off. We''ve had more work this spring than usual. Does he need a ride?</p>
<p><strong>Piper McNair (12:23 P.M.)</strong></p>
<p>No. Just let him know when you''ve reached the Mirzoyan residence. I''ll tell Ms. Mirzoyan to expect all three of you this afternoon.</p>
<p> </p>
<hr/></div>', 1, '2025-05-20 21:47:03', '2025-05-20 21:47:03');
INSERT INTO questions (question, question_number, explanation, A, B, C, D, correct_answer, question_group_id, created_at, updated_at) VALUES ('Where do the writers most likely work?', 172, '<p><b>Dịch đáp án:</b></p><p><span>Những người viết có khả năng làm việc ở đâu?</span></p><p><span>A. Tại một công ty dịch vụ cây xanh</span></p><p><span>B. Tại một công ty bất động sản</span></p><p><span>C. Tại một công ty xây dựng</span></p><p><span>D. Tại tiệm sửa xe</span></p>', 'At a tree service company', 'At a real estate agency', 'At a construction firm', 'At an auto repair shop', 'A', 98, '2025-05-20 21:47:03', '2025-05-20 21:47:03');
INSERT INTO questions (question, question_number, explanation, A, B, C, D, correct_answer, question_group_id, created_at, updated_at) VALUES ('What does Ms. Mirzoyan expect to do tomorrow?', 173, '<p><b>Dịch đáp án:</b></p><p><span>Cô Mirzoyan dự định làm gì vào ngày mai?</span></p><p><span>A. Mua một tài sản</span></p><p><span>B. Có khách đến thăm nhà cô ấy</span></p><p><span>C. Thuê một công ty chuyển nhà mới</span></p><p><span>D. Sử dụng lại công việc kinh doanh của bà McNair</span></p>', 'Purchase a property', 'Have visitors at her home', 'Hire a new moving company', 'Use Ms. McNair''s business again', 'B', 98, '2025-05-20 21:47:03', '2025-05-20 21:47:03');
INSERT INTO questions (question, question_number, explanation, A, B, C, D, correct_answer, question_group_id, created_at, updated_at) VALUES ('When will the writers most likely meet at 234 Lakeside Avenue?', 174, '<p><b>Dịch đáp án:</b></p><p><span>Khi nào các </span><span>người viết</span><span> có nhiều khả năng gặp nhau nhất tại 234 Lakeside Avenue?</span></p><p><span>A. Trong một giờ</span></p><p><span>B. Trong hai giờ nữa</span></p><p><span>C. Trong ba giờ</span></p><p><span>D. Trong bốn giờ nữa</span></p>', 'In one hour', 'In two hours', 'In three hours', 'In four hours', 'B', 98, '2025-05-20 21:47:03', '2025-05-20 21:47:03');
INSERT INTO questions (question, question_number, explanation, A, B, C, D, correct_answer, question_group_id, created_at, updated_at) VALUES ('At 12:21 PM, what does Mr. Davison most likely mean when writes, "It''s Saturday"?', 175, '<p><b>Dịch đáp án:</b></p><p><span>Vào lúc 12:21 trưa, rất có thể ông Davison có ý gì khi viết "Hôm nay là Thứ Bảy"?</span></p><p><span>A. Anh ấy không có thêm thời gian</span></p><p><span>B. Anh ấy nghĩ họ không nên nhận thêm công việc</span></p><p><span>C. Grady thường không có sẵn rồi</span></p><p><span>D. Miles đã không đưa ra quyết định đúng đắn</span></p>', 'He does not have extra time', 'He thinks they should not accept more work', 'Grady is not usually available then', 'Miles did not make a good decision', 'C', 98, '2025-05-20 21:47:03', '2025-05-20 21:47:03');
INSERT INTO question_groups (id, part, group_index, transcript, passage, toeic_test_id, created_at, updated_at) VALUES (99, 'part7', 98, '<div>
<p><strong>Thị trưởng Kowalik Công bố Ngày tri ân người lái xe buýt</strong></p>
<p>177FRECOSTA (2 tháng 4) —Mayor Ed Kowalik đã tuyên bố ngày 21 tháng 4 là Ngày Tri ân Tài xế Xe buýt đầu tiên của thành phố. 176Những người đi xe buýt được yêu cầu chào các tài xế bằng một lời chào nồng nhiệt và một trong những tấm thiệp cảm ơn được thiết kế đặc biệt của thành phố, có thể được in ra từ www.frecosta.gov/transitappreciation. Như một cử chỉ tri ân khác, Thị trưởng Kowalik sẽ mời các tài xế xe buýt tham dự một sự kiện thể thao miễn phí vào tháng tới.</p>
<p>177Vì dân số của thành phố đã tăng lên trong hai năm qua, các tài xế xe buýt của Frecosta đã phải đương đầu với những thay đổi thường xuyên đối với các tuyến xe buýt. Tuy nhiên, việc khai trương tuyến tàu điện ngầm Frecosta được mong đợi từ lâu trong năm tới dự kiến sẽ giảm bớt một số căng thẳng cho các tài xế đồng thời tạo ra nhiều việc làm hơn. Tuyến tàu điện ngầm sẽ kết nối Trung tâm Mua sắm Bargain Town ở đầu phía Tây của thành phố với 177Sân vận động Frecosta, nằm ở đầu phía Đông.</p>
<div> </div>
<hr>
<div>BẠN ĐƯỢC MỜI!</div>
Ai: Nhân viên Dịch vụ Vận tải Công cộng Frecosta<br>
Cái gì: Trò chơi bóng đá Frecosta Kickers<br>
Địa điểm: 177Sân vận động Frecosta<br>
Thời gian: Ngày 7 tháng 5 lúc 2:00 chiều<br>
Để tôn vinh những nỗ lực hết mình của các bạn cho thành phố, chúng tôi xin được cung cấp vé MIỄN PHÍ cho trận bóng đá Frecosta Kickers vào ngày 7 tháng 5. <br/>
180Để tải vé điện tử, hãy truy cập www.frecostakickers.com/tickets và nhập mã giảm giá “FPTS OFFER” khi thanh toán. Mã này sẽ cho phép bạn truy cập một vé miễn phí. Bạn cũng có thể mua tối đa năm vé khách cho gia đình và bạn bè với giá $ 7 mỗi vé. <br/>
179Hãy tham gia với chúng tôi trong câu lạc bộ sân vận động lúc 1:00 chiều cho một bữa ăn nhẹ trước trận đấu. (Lưu ý: Chỉ dành cho nhân viên quá cảnh và khách của họ.)</br></br></br></br></hr></div>', '<div>
<div><strong>Mayor Kowalik Announces Bus Driver Appreciation Day</strong></div>
<div>FRECOSTA (April 2)—Mayor Ed Kowalik has declared April 21 the city’s first ever Bus Driver Appreciation Day. Bus riders are asked to greet drivers with a warm hello and one of the city’s specially designed thankyou cards, which can be printed out from www.frecosta.gov/transitappreciation. As an added gesture of gratitude, Mayor Kowalik will invite bus drivers to attend a sporting event free of charge next month.</div>
<div>Because the city’s population has increased over the past two years, Frecosta’s bus drivers have had to cope with frequent changes to bus routes. However, next year’s long-anticipated opening of the Frecosta subway line is expected to alleviate some of the stress on drivers while creating more jobs. The subway line will connect the Bargain Town Shopping Center on the western end of the city with Frecosta Stadium, which is located on the eastern end.</div>
<hr>
<div>YOU’RE INVITED!</div>
Who: Frecosta Public Transit Services Employees<br>
What: Frecosta Kickers Football Game<br>
Where: Frecosta Stadium<br>
When: May 7 at 2:00 p.m.<br>
In honor of your hard work for the city, we are pleased to offer FREE tickets to the Frecosta Kickers football game on May 7.
<p>To download your e-tickets, visit www.frecostakickers.com/tickets and enter the discount code “FPTS OFFER” at checkout. This code will allow you to access one free ticket. You may also purchase up to five guest tickets for family and friends at $7 each.<br>
Please join us in the stadium clubhouse at 1:00 p.m. for a light snack before the game. <br>
(Note: For transit employees and their guests only.)<br>
 </br></br></br></p>
</br></br></br></br></hr></div>', 1, '2025-05-20 21:47:03', '2025-05-20 21:47:03');
INSERT INTO questions (question, question_number, explanation, A, B, C, D, correct_answer, question_group_id, created_at, updated_at) VALUES ('What does the mayor suggest people do to thank bus drivers?', 176, '<p><b>Dịch đáp án:</b></p><p><span>Thị trưởng đề nghị người dân làm gì để cảm ơn tài xế xe buýt?</span></p><p><span>A. Đóng góp vào quỹ</span></p><p><span>B. Đưa thẻ cho tài xế</span></p><p><span>C. Đăng lời chào trực tuyến tới tài xế</span></p><p><span>D. Viết thư cho tờ báo địa phương</span></p>', 'Donate to a fund', 'Give the drivers a card', 'Post an online greeting to drivers', 'Write a letter to the local newspaper', 'B', 99, '2025-05-20 21:47:03', '2025-05-20 21:47:03');
INSERT INTO questions (question, question_number, explanation, A, B, C, D, correct_answer, question_group_id, created_at, updated_at) VALUES ('According to the article, what group of people has recently become larger?', 177, '<p><b>Dịch đáp án:</b></p><p><span>Theo bài báo, nhóm người nào gần đây đã trở nên lớn hơn?</span></p><p><span>A. Người hâm mộ bóng đá</span></p><p><span>B. Hành khách đi tàu</span></p><p><span>C. Cư dân Frecosta</span></p><p><span>D. Khách hàng của trung tâm mua sắm</span></p>', 'Football fans', 'Train passengers', 'Frecosta residents', 'Shopping center customers', 'C', 99, '2025-05-20 21:47:03', '2025-05-20 21:47:03');
INSERT INTO questions (question, question_number, explanation, A, B, C, D, correct_answer, question_group_id, created_at, updated_at) VALUES ('What is true about some of the people who will attend the football game on May 7?', 178, '<p><b>Dịch đáp án:</b></p><p><span>Điều gì đúng về một số người sẽ tham dự trận bóng đá vào ngày 7 tháng 5?</span></p><p><span>A. Họ sẽ đi đến đầu phía đông của Frecosta</span></p><p><span>B. Họ phải sống ở thành phố Frecosta</span></p><p><span>C. Họ phải trả lời e-mail từ thị trưởng</span></p><p><span>D. Họ chỉ có thể mang theo ba khách đến trò chơi</span></p>', 'They will travel to the eastern end of Frecosta', 'They must live in the city of Frecosta', 'They must reply to an e-mail from the mayor', 'They may bring only three guests to the game', 'A', 99, '2025-05-20 21:47:03', '2025-05-20 21:47:03');
INSERT INTO questions (question, question_number, explanation, A, B, C, D, correct_answer, question_group_id, created_at, updated_at) VALUES ('What will happen at 1:00 PM on May 7?', 179, '<p><b>Dịch đáp án:</b></p><p><span>Điều gì sẽ xảy ra vào lúc 1 giờ chiều ngày 7 tháng 5?</span></p><p><span>A. Sân vận động sẽ mở cửa</span></p><p><span>B. Một trận bóng đá sẽ bắt đầu</span></p><p><span>C. Đồ giải khát sẽ được phục vụ</span></p><p><span>D. Lễ trao giải sẽ được tổ chức</span></p>', 'The stadium will open', 'A football game will begin', 'Refreshments will be served', 'An awards ceremony will be held', 'C', 99, '2025-05-20 21:47:03', '2025-05-20 21:47:03');
INSERT INTO questions (question, question_number, explanation, A, B, C, D, correct_answer, question_group_id, created_at, updated_at) VALUES ('According to the invitation, how can transit workers obtain tickets?', 180, '<p><b>Dịch đáp án:</b></p><p><span>Theo thư mời, người nhân viên chuyên chở có thể lấy vé bằng cách nào?</span></p><p><span>A. Đến bến xe</span></p><p><span>B. Bằng cách gọi tới văn phòng thị trưởng</span></p><p><span>C. Đến trận đấu sớm</span></p><p><span>D. Bằng cách đặt hàng qua trang Web</span></p>', 'By visiting the bus station', 'By calling the mayor''s office', 'By arriving to the game early', 'By ordering through a Web site', 'D', 99, '2025-05-20 21:47:03', '2025-05-20 21:47:03');
INSERT INTO question_groups (id, part, group_index, transcript, passage, toeic_test_id, created_at, updated_at) VALUES (100, 'part7', 99, '<div>
<p><strong>Tới:</strong> Đội nhà kho Burnley</p>
<p><strong>Từ:</strong> Jane Peralta</p>
<p><strong>Ngày:</strong> 1 tháng 12</p>
<p><strong>Re:</strong> Những thay đổi sắp tới</p>
<p>Công ty chúng tôi gần đây đã mua bộ phần mềm JLX để thay thế bộ RERQ hiện tại của chúng tôi. 181Với phần mềm mới sẽ đi kèm với một quy trình mới. Trước đây, công nhân trong khu vực vận chuyển sẽ kiểm tra giấy tờ về tên của khách hàng và tìm kiếm địa chỉ công ty trong cơ sở dữ liệu để tạo nhãn địa chỉ. 181Với quy trình mới, nhóm cung ứng hoàn thành từng đơn hàng, dán nhãn dán mã vạch vào hộp và chuyển hộp đến khu vực vận chuyển. Trong khu vực vận chuyển, chúng tôi sẽ sử dụng máy quét mã vạch đồng bộ với phần mềm mới để quét mã vạch sẽ tự động in nhãn địa chỉ. Địa chỉ của các công ty không có trong cơ sở dữ liệu sẽ vẫn cần được tra cứu trong phần mềm RERQ cũ. Chúng tôi sẽ tiếp tục quan sát tốc độ giao hàng được ghi trên giấy tờ. Ví dụ: một số đơn đặt hàng cần đến trước 8 giờ sáng hôm sau. 182,183Vui lòng tiếp tục đánh dấu địa chỉ của các giao hàng ưu tiên như vậy bằng màu vàng, sau đó đặt các hộp đó lên giá được đánh dấu “ưu tiên”. </p>
<p>Chúng tôi đang có kế hoạch bắt đầu sử dụng quy trình vận chuyển cập nhật trên toàn công ty từ ngày 15 tháng 12. 184Một nhóm đã được chọn để kiểm tra và cung cấp phản hồi về phần mềm, thiết bị và quy trình mới trong tuần đầu tiên của tháng 12. Nếu chúng tôi phát hiện bất kỳ vấn đề nào trong giai đoạn thử nghiệm này, chúng tôi có thể cần phải hoãn việc thực hiện toàn bộ quy trình mới.</p>
<p> </p>
<hr>
<div><strong>Tới: </strong>Jane Peralta</div>
<div><strong>Từ: </strong>Aram Mansouri</div>
<div><strong>Ngày: </strong>7 tháng 12</div>
<div><strong>Chủ đề:</strong> RE: Tinh chỉnh công việc với JLX</div>
<div>Xin chào cô Peralta,</div>
<div>184Để trả lời yêu cầu phản hồi của bạn, tôi có thể nói rằng hầu hết các khía cạnh của hệ thống JLX đang hoạt động tốt. Tuy nhiên, chúng tôi cần một cách tốt hơn để xử lý các đơn đặt hàng đến các công ty yêu cầu 183ưu tiên vận chuyển cho tất cả các đơn đặt hàng của họ, chẳng hạn như Turing Photography. Một số đơn đặt hàng của họ trong tuần này đã không đến cơ sở của họ trước 8 giờ sáng. Tôi nghĩ rằng một số thành viên trong nhóm của chúng tôi đã quên kiểm tra nhãn để biết tốc độ giao hàng cần thiết. 185Ngoài ra, tôi được thông báo rằng máy quét cầm tay của chúng tôi hết pin rất nhanh. Bạn có thể kiểm tra nó không?</div>
<div>Cảm ơn bạn,</div>
<div>Aram Mansouri</div>
</hr></div>', '<div>
<p><strong>To: </strong>Burnley warehouse teams</p>
<p><strong>From:</strong> Jane Peralta</p>
<p><strong>Date:</strong> 1 December</p>
<p><strong>Re:</strong> Upcoming changes</p>
<p>Our company recently purchased the JLX software suite to replace our current RERQ suite. With the new software will come a new process. Previously, workers in the shipping area would check the paperwork for the customer’s name and search the company address in the database in order to create an address label. With the new process, the supply team completes each order, affixes a bar code sticker to the box, and delivers the box to the shipping area. In the shipping area, we will use a bar code scanner in sync with the new software so that scanning a bar code will automatically print an address label. Addresses for companies that are not in the database will still need to be looked up in the old RERQ software. We will continue to observe the delivery speed indicated on the paperwork. For example, some orders need to arrive by 8 A.M. the next morning. Please continue to highlight the address of such priority deliveries in yellow, then place those boxes on the shelves marked “priority”.  </p>
<p>We are planning to start using the updated shipping process company-wide from 15 December. One team has been selected to test and provide feedback on the new  software, equipment, and procedures during the first week of December. If we find any problems at this trial stage, we may need to postpone the all-around implementation of the new procedure.</p>
<p> </p>
<hr>
<p><strong>To: </strong>Jane Peralta</p>
<p><strong>From: </strong>Aram Mansouri</p>
<p><strong>Date: </strong>7 December</p>
<p><strong>Subject:</strong> RE: Fine-tuning work with JLX</p>
<p>Hello Ms. Peralta,</p>
<p>In reply to your request for feedback, 1 can say that most aspects of the JLX system are working well. However, we do need a better way to handle orders going to companies requiring priority shipping for all their orders, such as Turing Photography. Several of their orders this week did not arrive at their premises by 8 A M. I think some of our team members have been forgetting to check the labels for the required delivery speed. Also, I was informed our handheld scanners run out of battery power very quickly. Could you look into it? </p>
<p>Thank you,</p>
<p>Aram Mansouri</p>
</hr></div>', 1, '2025-05-20 21:47:03', '2025-05-20 21:47:03');
INSERT INTO questions (question, question_number, explanation, A, B, C, D, correct_answer, question_group_id, created_at, updated_at) VALUES ('What is the purpose of the memo?', 181, '<p><b>Dịch đáp án:</b></p><p><span>Mục đích của bản ghi nhớ là gì?</span></p><p><span>A. Thông báo việc tổ chức lại công ty</span></p><p><span>B. Để giải thích các thủ tục mới</span></p><p><span>C. Để giới thiệu một chuyên gia hiệu quả</span></p><p><span>D. Để gây sự chú ý đến một vấn đề</span></p>', 'To announce a company reorganization', 'To explain new procedures', 'To introduce an efficiency expert', 'To bring attention to a problem', 'B', 100, '2025-05-20 21:47:03', '2025-05-20 21:47:03');
INSERT INTO questions (question, question_number, explanation, A, B, C, D, correct_answer, question_group_id, created_at, updated_at) VALUES ('What step in the shipping process will NOT change?', 182, '<p><b>Dịch đáp án:</b></p><p><span>Bước nào trong quá trình vận chuyển sẽ KHÔNG thay đổi?</span></p><p><span>A. Tra cứu địa chỉ bằng phần mềm</span></p><p><span>B. Sử dụng máy quét mã vạch</span></p><p><span>C. Tạo tem dán mã vạch cho tất cả đơn hàng</span></p><p><span>D. Xếp các mục ưu tiên lên một kệ cụ thể</span></p>', 'Looking up addresses using the software', 'Using bar code scanners', 'Creating bar code stickers for all orders', 'Putting priority items on a specific shelf', 'D', 100, '2025-05-20 21:47:03', '2025-05-20 21:47:03');
INSERT INTO questions (question, question_number, explanation, A, B, C, D, correct_answer, question_group_id, created_at, updated_at) VALUES ('What is implied about Turing Photography?', 183, '<p><b>Dịch đáp án:</b></p><p><span>Điều gì được ngụ ý về Turing Photography?</span></p><p><span>A. Nhãn địa chỉ của nó phải được tô sáng màu vàng</span></p><p><span>B. Mua phần mềm với giá giảm</span></p><p><span>C. Nó cung cấp vật tư cho kho</span></p><p><span>D. Đã nhận được khiếu nại về máy quét</span></p>', 'Its address labels should be highlighted in yellow', 'It purchased software at a reduced price', 'It provides the warehouse with supplies', 'It has received complaints about the scanners', 'A', 100, '2025-05-20 21:47:03', '2025-05-20 21:47:03');
INSERT INTO questions (question, question_number, explanation, A, B, C, D, correct_answer, question_group_id, created_at, updated_at) VALUES ('What is most likely true about Mr. |Mansouri?', 184, '<p><b>Dịch đáp án:</b></p><p><span>Điều gì có thể đúng nhất về </span><span>anh</span><span> Mansouri?</span></p><p><span>A. Ca làm việc của anh ấy bắt đầu lúc 8 giờ sáng</span></p><p><span>B. Nhóm của anh ấy đang thử nghiệm phần mềm JLX</span></p><p><span>C. Anh ấy thích sử dụng hệ thống RERQ hơn</span></p><p><span>D. Anh ấy xử lý tất cả các đơn hàng vận chuyển ưu tiên</span></p>', 'His shift begins at 8 A.M', 'His team is testing out the JLX software', 'He prefers using the RERQ system', 'He handles all priority shipping oders', 'B', 100, '2025-05-20 21:47:03', '2025-05-20 21:47:03');
INSERT INTO questions (question, question_number, explanation, A, B, C, D, correct_answer, question_group_id, created_at, updated_at) VALUES ('What will Ms. PeraIta most likely do after reading the e-mail?', 185, '<p><b>Dịch đáp án:</b></p><p><span>Cô Peralta rất có thể sẽ làm gì sau khi đọc e-mail?</span></p><p><span>A. Tìm gói hàng bị thiếu</span></p><p><span>B. Nghiên cứu pin có tuổi thọ cao</span></p><p><span>C. Lên lịch lại giao dịch</span></p><p><span>D. Sửa địa chỉ</span></p>', 'Find a missing package', 'Research long-life batteries', 'Reschedule a dealine', 'Correct an address', 'B', 100, '2025-05-20 21:47:03', '2025-05-20 21:47:03');
INSERT INTO question_groups (id, part, group_index, transcript, passage, toeic_test_id, created_at, updated_at) VALUES (101, 'part7', 100, '<div><p><span class="fontstyle0">http://www.ohayonmarketing.com/clients<br/></span></p><table class="table table-bordered"><tbody><tr><td>Trang chủ<br/></td><td><p><b><u>Khách hàng</u></b></p><p><b><u>của chúng tôi</u></b><br/></p></td><td>Mẫu<br/>công việc<br/></td><td>Liên hệ<br/></td></tr></tbody></table><p><span class="fontstyle0">Trong năm năm qua, chúng tôi đã cung cấp các giải pháp tiếp thị cho danh mục khách hàng ngày càng tăng:</span></p><table class="table table-bordered"><tbody><tr><td><span class="fontstyle2">186</span><span class="fontstyle2">Thực phẩm đặc sản<br/></span><span class="fontstyle0">Blue Bay<br/>Bakeries<br/>Delectable<br/>Over-the Moon Teas</span><br/></td><td><span class="fontstyle2">186</span><span class="fontstyle2">Quần áo<br/></span><span class="fontstyle0">Sakurai Sportswear<br/>Urban Activewear Company<br/></span>Chic Wraps</td><td><span class="fontstyle2">186,187</span><span class="fontstyle2">Công nghệ<br/></span><span class="fontstyle0">Craftspace<br/></span>Gingi Tech<br/><span class="fontstyle0">New Teams Office Systems<br/></span><span class="fontstyle0">Surefire Learning Ltd</span><br/></td></tr></tbody></table><p><span class="fontstyle0"><br/></span><span class="fontstyle0"><br/></span><span class="fontstyle0"><br/></span><br/></p><hr/><p><b>*E-mail*</b></p><p><b>Tới:</b> Sunil Mehta  </p><p><b>Từ:</b> Marc Ohayon</p><p>‹<a class="__cf_email__" data-cfemail="375a585f564e585977585f564e58595a56455c52435e59501954585a" href="/cdn-cgi/l/email-protection">[email protected]</a>›</p><p><b>Ngày:</b> 3 tháng 5</p><p><b>Chủ đề:</b> Xin chào</p><p>Sunil thân mến,</p><p>Tôi hy vọng bạn vẫn tốt. Bạn có thể đã nghe tin tức rằng gia đình tôi và tôi đang chuẩn bị chuyển từ New York đến Marrakesh vào mùa thu. Trong quá trình này, tôi dự định sẽ chuyển công ty tiếp thị của tôi, Ohayon Marketing, sang khu vực này.</p><p>188Bạn có thể nhớ điều đó sau khi tôi rời Sharp Smart — và chuyển ra khỏi New Delhi — 187tôi đã làm việc tự do cho Craftspace, công ty đã trở thành khách hàng đầu tiên của công ty tôi. Trong những năm gần đây, công ty của tôi đã phân nhánh để tư vấn cho một số lượng lớn các doanh nghiệp trong các ngành không liên quan.</p><p>Tôi muốn tiếp tục công việc này bằng cách thiết lập cơ sở chính ở Marrakesh. Tôi liên hệ với bạn vì các mối liên hệ của bạn trong cộng đồng doanh nghiệp ở đó. Nếu bạn biết bất kỳ ai có thể quan tâm đến các dịch vụ tôi cung cấp, bạn có vui lòng cho tôi biết không? </p><p>Lời chúc tốt nhất,</p><p>Marc</p><div><br/></div><hr/><div><b>*E-mail*</b></div><div><b>Tới:</b> Marc Ohayon ‹<a class="__cf_email__" data-cfemail="2c4143444d5543426c43444d554342414d5e47495845424b024f4341" href="/cdn-cgi/l/email-protection">[email protected]</a>›</div><div><b>Từ:</b> Sunil Mehta ‹<a class="__cf_email__" data-cfemail="4231372c2b2e6c2f272a362302252d2f232b2e6c212d6c2b2c" href="/cdn-cgi/l/email-protection">[email protected]</a>›</div><div><b>Ngày:</b> 6 tháng 5</div><div><b>Chủ đề:</b> Liên hệ Marrakesh</div><div>Xin chào, Marc,</div><div>Rất vui khi được nghe từ bạn. Bạn nhớ không lầm; Tôi có vài người quen ở Marrakesh. 189Trước khi chúng ta làm việc cùng nhau tại Sharp Smart, tôi đã làm việc cho một công ty có văn phòng ở Marrakesh và tôi thường xuyên đến đó. Tôi cũng có thể giới thiệu một số khách sạn, nhà hàng và thậm chí cả đại lý du lịch nếu bạn muốn. </div><div>190Để đáp lại câu hỏi của bạn, tôi sẽ giới thiệu bạn qua e-mail với cô Salma Kader. Cô ấy khá am hiểu về khu vực, và tôi chắc chắn rằng cô ấy sẽ hữu ích cho bạn.</div><div>Trân trọng,</div><div>Sunil</div><hr/></div>', '<div><p><span class="fontstyle0">http://www.ohayonmarketing.com/clients</span></p><table class="table table-bordered"><tbody><tr><td>Home<br/></td><td><b><u>Our Clients</u></b><br/></td><td>Work Samples<br/></td><td>Contact<br/></td></tr></tbody></table><p><span class="fontstyle0">Over the past five years we have provided marketing solutions to an ever-growing client portfolio:</span></p><table class="table table-bordered"><tbody><tr><td><span class="fontstyle0">Specialty Foods<br/></span><span class="fontstyle0">Blue Bay Bakeries<br/></span><span class="fontstyle0">Berry Delectable<br/></span><span class="fontstyle0">Over-the-Moon Teas</span><br/></td><td><span class="fontstyle0">Apparel<br/></span><span class="fontstyle0">Sakurai Sportswear<br/></span><span class="fontstyle0">Urban Activewear Company<br/></span><span class="fontstyle0">Chic Wraps</span><br/></td><td><span class="fontstyle3">Technology<br/></span><span class="fontstyle0">Craftspace<br/></span><span class="fontstyle0">Gingi Tech<br/></span><span class="fontstyle0">New Teams Office Systems<br/></span><span class="fontstyle0">Surefire Learning Ltd</span><br/></td></tr></tbody></table><p><br/> </p><hr/><p><b>*E-mail*</b></p><p><b>To: </b>Sunil Mehta  </p><p><b>From: </b>Marc Ohayon</p><p>‹<a class="__cf_email__" data-cfemail="274a484f465e484967484f465e48494a46554c42534e49400944484a" href="/cdn-cgi/l/email-protection">[email protected]</a>›</p><p><b>Date:</b> May 3</p><p><b>Subject: </b>Hello</p><p>Dear Sunil,</p><p>I hope this message finds you well. You may have heard the news that my family and I are preparing to move from New York to Marrakesh in the fall. In the process, I am hoping to move my marketing firm, Ohayon Marketing, to the area as well.  </p><p>You may remember that after l left Sharp Smart—and moved out of New Delhi—I freelanced for Craftspace, which went on to become my company''s first client. In more recent years, my company has branched out to consult for a large number of businesses in unrelated industries.</p><p>I would like to continue with this work by establishing a client base in Marrakesh. I am reaching out to you because of your contacts in the business community there. If you know anyone who might be interested in the services I offer, would you be so kind as to let me know?</p><p>Best wishes,</p><p>Marc</p><div><br/></div><hr/><p><b>*E-mail*</b></p><p><b>To:</b> Marc Ohayon<br/></p><p>‹<a class="__cf_email__" data-cfemail="5f3230373e2630311f30373e263031323e2d343a2b363138713c3032" href="/cdn-cgi/l/email-protection">[email protected]</a>›</p><p><b>From: </b>Sunil Mehta ‹<a class="__cf_email__" data-cfemail="1261677c7b7e3c7f777a667352757d7f737b7e3c717d3c7b7c" href="/cdn-cgi/l/email-protection">[email protected]</a>›</p><p><b>Date:</b> May 6</p><p><b>Subject:</b> Marrakesh contact</p><p>Hello, Marc,</p><p>It was a pleasure to hear from you. You remember correctly; I do  have contacts in Marrakesh. Before we worked together at Sharp Smart, I worked for a company that had an office in Marrakesh, and I traveled there frequently. I can also recommend several hotels,  restaurants, and even travel agencies if you would like.</p><p>In response to your inquiry, I will introduce you by e-mail to Ms.  Salma Kader. She is quite knowledgeable in the region, and I have no doubt that she will be helpful to you.</p><p>Warm regards,</p><p>Sunil</p><hr/></div>', 1, '2025-05-20 21:47:03', '2025-05-20 21:47:03');
INSERT INTO questions (question, question_number, explanation, A, B, C, D, correct_answer, question_group_id, created_at, updated_at) VALUES ('What is indicated about Ohayon Marketing?', 186, '<p><b>Dịch đáp án:</b></p><p><span>Điều gì được chỉ ra về Ohhayon Marketing?</span></p><p><span>A. Nó chuyên về các công ty gia đình</span></p><p><span>B. Nó có danh mục khách hàng đa dạng</span></p><p><span>C. Nó chủ yếu hỗ trợ các doanh nghiệp xuất khẩu</span></p><p><span>D. Công ty kiếm được phần lớn doanh thu từ ngành may mặc</span></p>', 'It specializes in family-owned companies', 'It has a diverse client portfolio', 'It mainly supports export firms', 'It earns most of its revenue from the apparel industry', 'B', 101, '2025-05-20 21:47:03', '2025-05-20 21:47:03');
INSERT INTO questions (question, question_number, explanation, A, B, C, D, correct_answer, question_group_id, created_at, updated_at) VALUES ('For what industry did Ohayon Marketing first consult?', 187, '<p><b>Dịch đáp án:</b></p><p><span>Ohayon Marketing đầu tiên tư vấn cho ngành nào?</span></p><p><span>A. Giáo dục trực tuyến</span></p><p><span>B. Món ăn đặc sản</span></p><p><span>C. Trang phục</span></p><p><span>D. Công nghệ</span></p>', 'Online education', 'Specialty Foods', 'Apparel', 'Technology', 'D', 101, '2025-05-20 21:47:03', '2025-05-20 21:47:03');
INSERT INTO questions (question, question_number, explanation, A, B, C, D, correct_answer, question_group_id, created_at, updated_at) VALUES ('What is suggested about Sharp Smart?', 188, '<p><b>Dịch đáp án:</b></p><p><span>Điều gì được gợi ý về Sharp Smart?</span></p><p><span>A. Nó có văn phòng ở New Delhi</span></p><p><span>B. Gần đây họ đã thuê một số nhân viên mới</span></p><p><span>C. Nó thuộc quyền quản lý mới</span></p><p><span>D. Gần đây nó đã được sáp nhập với một công ty lớn hơn</span></p>', 'It has offices in New Delhi', 'It recently hired several new employees', 'It is under new management', 'It recently merged with a larger firm', 'A', 101, '2025-05-20 21:47:03', '2025-05-20 21:47:03');
INSERT INTO questions (question, question_number, explanation, A, B, C, D, correct_answer, question_group_id, created_at, updated_at) VALUES ('Who is Mr. Mehta?', 189, '<p><b>Dịch đáp án:</b></p><p><span>Ông Mehta là ai?</span></p><p><span>A. Đại lý du lịch</span></p><p><span>B. Nhà tuyển dụng điều hành</span></p><p><span>C. Một đồng nghiệp cũ của ông Ohhayon</span></p><p><span>D. Đối tác tiếp thị của Ohhayon</span></p>', 'A travel agent', 'An executive recuiter', 'A former colleague of Mr. Ohayon''s', 'An Ohayon Marketing partner', 'C', 101, '2025-05-20 21:47:03', '2025-05-20 21:47:03');
INSERT INTO questions (question, question_number, explanation, A, B, C, D, correct_answer, question_group_id, created_at, updated_at) VALUES ('Why will Mr, Ohayon most likely contact Ms. Kader?', 190, '<p><b>Dịch đáp án:</b></p><p><span>Tại sao ông Ohhayon rất có thể sẽ liên lạc với bà Kader?</span></p><p><span>A. Để nhắc cô ấy gửi hành trình</span></p><p><span>B. Thuê địa điểm văn phòng mới</span></p><p><span>C. Để khám phá cơ hội kinh doanh</span></p><p><span>D. Để nhận được lời khuyên tham quan</span></p>', 'To remind her to send an itinerary', 'To rent a new office location', 'To explore business opportunities', 'To get sightseeing recommendations', 'C', 101, '2025-05-20 21:47:03', '2025-05-20 21:47:03');
INSERT INTO question_groups (id, part, group_index, transcript, passage, toeic_test_id, created_at, updated_at) VALUES (102, 'part7', 101, '<div>
<p><strong>Bảo hiểm xe Steel Wheels</strong><br>
<strong><em>Với một chiếc ô tô hàng đầu, bạn nên trang bị sự bảo vệ tối ưu<br>
Chọn bất kỳ gói nào phù hợp nhất với nhu cầu của bạn.</br></em></strong><br>
- Gói bảo dưỡng: Bao gồm kiểm tra, thử nghiệm hàng năm và thay dầu hàng tháng <br>
- Gói sửa chữa: Bao gồm các sửa chữa cần thiết cho động cơ và các hệ thống chính khác, bao gồm điện, khí thải và làm mát. Bao gồm tất cả các bộ phận thay thế<br>
- Gói vệ sinh: Hoàn thành vệ sinh nội thất và ngoại thất ba tháng một lần, bao gồm cả việc thay thế thảm sàn khi cần thiết <br>
- Gói Kết hợp: Bao gồm các lợi ích của cả ba gói.<br>
Phí hàng tháng khác nhau tùy theo mẫu xe.<br>
191Gửi email cho chúng tôi theo địa chỉ <a class="__cf_email__" data-cfemail="e99985888780878f86a99a9d8c8c859e818c8c859a80879ac78a8684" href="/cdn-cgi/l/email-protection">[email protected]</a> để biết thông tin chi phí và gói cụ thể.</br></br></br></br></br></br></br></p>
<hr>
<table border="1" cellpadding="0" cellspacing="0" class="MsoTableGrid">
<tbody>
<tr>
<td colspan="3" style="vertical-align:top">
<p>Bán hàng và dịch vụ Lum Motors</p>
</td>
</tr>
<tr>
<td style="vertical-align:top">
<p>Khách hàng: MingXiong<br>
			Hãng bảo hiểm: Steel Wheels<br>
			 </br></br></p>
</td>
<td colspan="2" style="vertical-align:top">
<p>Ngày: 13 tháng 12</p>
</td>
</tr>
<tr>
<td style="vertical-align:top">
<p><strong>Dịch vụ đã nhận được</strong></p>
</td>
<td style="vertical-align:top">
<p><strong>192Chi trả bởi bảo hiểm</strong></p>
</td>
<td style="vertical-align:top">
<p><strong>192Được tính cho khách hàng</strong></p>
</td>
</tr>
<tr>
<td style="vertical-align:top">
<p>Đã thay thế ống tản nhiệt tách rời và kẹp</p>
</td>
<td style="vertical-align:top">
<p>$120</p>
</td>
<td style="vertical-align:top">
<p>$0</p>
</td>
</tr>
<tr>
<td style="vertical-align:top">
<p>Thảm trải sàn mới</p>
</td>
<td style="vertical-align:top">
<p>$0</p>
</td>
<td style="vertical-align:top">
<p> </p>
<div>$250</div>
</td>
</tr>
<tr>
<td style="vertical-align:top">
<p>Tổng cộng</p>
</td>
<td style="vertical-align:top">
<p>$120</p>
</td>
<td style="vertical-align:top">
<p>$250</p>
</td>
</tr>
<tr>
<td colspan="3" style="vertical-align:top">
<p>193Nếu bạn muốn kiểm tra hoặc giữ lại bất kỳ bộ phận nào đã được thay thế, vui lòng yêu cầu nói chuyện với thợ máy khi bạn nhận xe. Các bộ phận sẽ không được giữ lại sau ngày dịch vụ.</p>
</td>
</tr>
<tr>
<td colspan="3" style="vertical-align:top"><strong><u>Sản phẩm đề xuất:</u></strong><br>
			Dầu tổng hợp Goldings để động cơ hoạt động trơn tru hơn Sử dụng bộ lọc khí để bảo vệ động cơ của bạn 194Xử lý làm sạch để bảo vệ vải bọc ghế Xịt Eversweet để giữ cho nội thất của bạn luôn thơm tho
			<p> </p>
</br></td>
</tr>
</tbody>
</table>
<p> </p>
<hr>
<div><strong>*Review*</strong></div>
<div>www.jkarcare.com/forum/automaintenence/interior</div>
<div><strong>Diễn đàn ô tô</strong></div>
<div><strong>Sản phẩm tuyệt vời</strong></div>
<div>bởi Ming Xiong / ngày 29 tháng 12 7:43 chiều</div>
<div>Tôi không thể nhớ tên, nhưng tôi đã mua sản phẩm này dựa trên đề xuất từ bộ phận dịch vụ của đại lý ô tô của tôi và nó hoạt động rất tốt. 194Chất lỏng được đựng trong một chai màu xanh với chữ màu vàng. Là một người cha của ba đứa con, tôi rất  khó giữ cho nội thất xe của mình sạch sẽ. Nhiều sản phẩm tuyên bố bảo vệ khỏi vết bẩn, nhưng sản phẩm này thực sự có tác dụng. Tất cả các vết đổ của chúng tôi sẽ được xóa sạch ngay lập tức. 195Ấn tượng hơn nữa là giá cả. Nó có giá tương đương với các thương hiệu khác nhưng hoạt động tốt hơn nhiều.</div>
<hr/></hr></hr></div>', '<div>
<p><strong>Steel Wheels Vehicle Insurance</strong><br>
<em><strong>With a top-of-the-line car, you should have to-of-the-line protection<br>
Choose whichever plan best suits your needs.</br></strong></em><br>
- Maintenance Plan: Includes an annual inspection, testing, and monthly oil changes<br>
- Repair Plan: Covers repairs needed to the engine and other major systems, including electrical, exhaust, and cooling. Includes all replacement parts<br>
- Cleaning Plan: Complete interior and exterior cleaning every three months, including replacement of floor mats when necessary<br>
- Combination Plan: Includes benefits of all three plans </br></br></br></br></br></p>
<p>Monthly fees vary by vehicle model.<br>
E-mail us at <a class="__cf_email__" data-cfemail="285844494641464e47685b5c4d4d445f404d4d445b41465b064b4745" href="/cdn-cgi/l/email-protection">[email protected]</a> for specific cost and plan information.</br></p>
<hr>
<table border="1" cellpadding="0" cellspacing="0" class="MsoTableGrid">
<tbody>
<tr>
<td colspan="3" style="vertical-align:top">
<p><strong>Lum Motors Sales and Service</strong></p>
</td>
</tr>
<tr>
<td style="vertical-align:top">
<p>Client: MingXiong<br>
			Insurance: Steel Wheels<br>
			 </br></br></p>
</td>
<td colspan="2" style="vertical-align:top">
<p>Date: 13 December</p>
</td>
</tr>
<tr>
<td style="vertical-align:top">
<p><strong>Service Received</strong></p>
</td>
<td style="vertical-align:top">
<p><strong>Covered by Insurance</strong></p>
</td>
<td style="vertical-align:top">
<p><strong>Billable to Customer</strong><br>
			 </br></p>
</td>
</tr>
<tr>
<td style="vertical-align:top">
<p>Replaced split radiator hose and clamps</p>
</td>
<td style="vertical-align:top">
<p>$120</p>
</td>
<td style="vertical-align:top">
<p>$0</p>
</td>
</tr>
<tr>
<td style="vertical-align:top">
<p>New floor mats</p>
</td>
<td style="vertical-align:top">
<p>$0</p>
</td>
<td style="vertical-align:top">
<p> </p>
<div>$250</div>
</td>
</tr>
<tr>
<td style="vertical-align:top">
<p>Total</p>
</td>
<td style="vertical-align:top">
<p>$120</p>
</td>
<td style="vertical-align:top">
<p>$250</p>
</td>
</tr>
<tr>
<td colspan="3" style="vertical-align:top">
<p>If you wish to examine or keep any parts that have been replaced, please ask to speak to the mechanic when you pick up your vehicle. Parts will not be kept after the service date.</p>
</td>
</tr>
<tr>
<td colspan="3" style="vertical-align:top">
<p><u><strong>Recommended products:</strong></u></p>
<ul>
<li>Goldings synthetic oil for smoother engine functioning</li>
<li>Harmon air filters to protect your engine</li>
<li>Lift-brite fabric treatment to protect cloth seat upholstery</li>
<li>Eversweet spray to keep your interior smelling fresh</li>
</ul>
<p> </p>
</td>
</tr>
</tbody>
</table>
<p> </p>
<hr>
<p><strong>*Review*</strong></p>
<p>www.jkarcare.com/forum/automaintenence/interior</p>
<p><strong>Auto Forum</strong></p>
<p><strong>Great product</strong></p>
<p>by Ming Xiong/29 December 7:43 PM</p>
<p>I can’t recall the name, but I bought this product based on a recommendation from my car dealer’s service department, and it works very well. The liquid comes in a blue bottle with yellow lettering. As a father of three, I have a hard time keeping the interior of my car clean. Many products claim to protect against stains, but this one actually works. All our spills wipe right off. Even more impressive is the price. It costs about the same as other brands but works much better.</p>
<hr/></hr></hr></div>', 1, '2025-05-20 21:47:03', '2025-05-20 21:47:03');
INSERT INTO questions (question, question_number, explanation, A, B, C, D, correct_answer, question_group_id, created_at, updated_at) VALUES ('According to the flyer, why should the reader e-mail Steel Wheels Vehicle Insurance?', 191, '<p><b>Dịch đáp án:</b></p><p><span>Theo tờ rơi, tại sao người đọc nên gửi e-mail cho Bảo hiểm xe Bánh thép?</span></p><p><span>A. Để yêu cầu về phạm vi bảo hiểm của chương trình</span></p><p><span>B. Để có được ước tính sửa chữa</span></p><p><span>C. Để đặt lịch hẹn</span></p><p><span>D. Để tìm một trung tâm dịch vụ tham gia</span></p>', 'To require about plan coverage', 'To obtain a repair estimate', 'To schedule an appointment', 'To find a participating service center', 'A', 102, '2025-05-20 21:47:03', '2025-05-20 21:47:03');
INSERT INTO questions (question, question_number, explanation, A, B, C, D, correct_answer, question_group_id, created_at, updated_at) VALUES ('What insurance plan does Mr. Xiong most likely have?', 192, '<p><b>Dịch đáp án:</b></p><p><span>Anh Xiong có thể có chương trình bảo hiểm nào?</span></p><p><span>A. Kế hoạch bảo trì</span></p><p><span>B. Kế hoạch sửa chữa</span></p><p><span>C. Kế hoạch dọn dẹp</span></p><p><span>D. Kế hoạch kết hợp</span></p>', 'The Maintenance Plan', 'The repair Plan', 'The Cleaning Plan', 'The Combination Plan', 'B', 102, '2025-05-20 21:47:03', '2025-05-20 21:47:03');
INSERT INTO questions (question, question_number, explanation, A, B, C, D, correct_answer, question_group_id, created_at, updated_at) VALUES ('According to the invoice, what could Mr. Xiong have requested on December 13?', 193, '<p><b>Dịch đáp án:</b></p><p><span>Theo hóa đơn, ngày 13/12 anh Xiong có thể yêu cầu những gì?</span></p><p><span>A. Chứng chỉ nghề thợ cơ khí</span></p><p><span>B. Phụ tùng xe cũ của anh ấy</span></p><p><span>C. Bình xăng đầy</span></p><p><span>D. Xe cho mượn</span></p>', 'The mechanic''s work certificate', 'His car''s old parts', 'A full tank of gas', 'A loaner vehicle', 'B', 102, '2025-05-20 21:47:03', '2025-05-20 21:47:03');
INSERT INTO questions (question, question_number, explanation, A, B, C, D, correct_answer, question_group_id, created_at, updated_at) VALUES ('What product did Mr. Xiong most likely purchase?', 194, '<p><b>Dịch đáp án:</b></p><p><span>Anh Xiong có khả năng mua sản phẩm nào nhất?</span></p><p><span>A. Dầu tổng hợp Goldings</span></p><p><span>B. Một bộ lọc không khí Harmon</span></p><p><span>C. Xử lý vải Lift-brite</span></p><p><span>D. Xịt Eversweet</span></p>', 'Goldings synthetic oil', 'A Harmon air filter', 'Lift-brite fabric treatment', 'Eversweet spray', 'C', 102, '2025-05-20 21:47:03', '2025-05-20 21:47:03');
INSERT INTO questions (question, question_number, explanation, A, B, C, D, correct_answer, question_group_id, created_at, updated_at) VALUES ('According to the online review, what impressed Mr. Xiong about the product?', 195, '<p><b>Dịch đáp án:</b></p><p><span>Theo đánh giá trực tuyến, anh Xiong ấn tượng điều gì về sản phẩm?</span></p><p><span>A. Giá cả hợp lý</span></p><p><span>B. Mùi hương dễ chịu</span></p><p><span>C. Bao bì sáng tạo của nó</span></p><p><span>D. Sự nổi tiếng bất ngờ của nó</span></p>', 'Its reasonable price', 'Its pleasant scent', 'Its innovative packaging', 'Its sudden popularity', 'A', 102, '2025-05-20 21:47:03', '2025-05-20 21:47:03');
INSERT INTO question_groups (id, part, group_index, transcript, passage, toeic_test_id, created_at, updated_at) VALUES (103, 'part7', 102, '<div><div><b>Tuyên bố sứ mệnh</b></div><span class="fontstyle0">196</span><span class="fontstyle0">Hiệp hội Khu phố Cảng Hulani (HHNA) là một tổ chức tự quản </span><span class="fontstyle2">luôn cố gắng thúc đẩy một cộng đồng an toàn, sôi động và thú vị </span><span class="fontstyle0">196</span><span class="fontstyle0">cho tất cả mọi người</span><span class="fontstyle2">. Các thành viên sống trong khu vực Cảng Hulani và cam kết thực hiện các mục tiêu sau:<br/>1. Đảm bảo rằng khu vực Cảng Hulani duy trì nhiều loại nhà ở và mức giá <br/></span><span class="fontstyle0">(198)</span><span class="fontstyle0">2. Bảo tồn đặc điểm kiến trúc của các ngôi nhà lịch sử<br/></span><span class="fontstyle2">3. Lên kế hoạch cho các cuộc tụ họp và sự kiện theo mùa cho cư dân<br/>4. Thúc đẩy thảo luận cởi mở về các vấn đề địa phương và các sáng kiến</span><br/><hr/><div>*NOTICE*</div><div><b>Cuộc họp hàng quý của Hiệp hội Khu phố Cảng Hulani</b></div><div>Dự kiến vào Thứ Năm, ngày 20 tháng 4, lúc 7:00 tối</div><div><u>Các chủ đề mới được thêm vào chương trình họp:</u></div><div>•198Công ty Chenaux tìm kiếm quy hoạch lại cho 3912 Bennett Avenue, một công trình kiến trúc dân cư được xây dựng vào năm 1909. Công ty đang yêu  cầu ngôi nhà được chấp thuận cho mục đích sử dụng thương mại, sau đó ngôi nhà sẽ được tu sửa lại hoàn toàn. 197Chúng tôi mời cư dân tham dự cuộc họp hội đồng thành phố vào thứ Hai, ngày 17 tháng 4, để tìm hiểu thêm về yêu cầu của công ty và sau đó sẵn sàng thảo luận thêm tại cuộc họp HHNA vào tối thứ Năm.</div><div>•Ủy ban lãnh đạo của khu vực Brazoria Creek thông báo về vị trí đang tuyển. Các nhiệm vụ bao gồm đóng vai trò là đầu mối liên lạc cho cư dân, phân phát bản tin hàng tháng và chia sẻ thông tin với các nhà lãnh đạo khác của HHNA. 199Mỗi cá nhân quan tâm đến việc đại diện cho Brazoria Creek sẽ được yêu cầu phát biểu ngắn gọn trước khi cuộc bỏ phiếu diễn ra.</div><hr/><p>*ANNOUNCEMENT*<br/></p><p>199HHNA vui mừng thông báo rằng Elena Redman đã được chọn làm đại diện tiếp theo cho HHNA cho khu vực Brazoria Creek. 200Bà Redman đã giữ nhiều vai trò khác nhau trong các tổ chức công ích địa phương. Cô nói, “Mặc dù tôi đã nghỉ hưu, trọng tâm trong sự nghiệp của tôi là hỗ trợ mọi người và cộng đồng thông qua vận động và giáo dục. Tôi mong muốn được giúp đỡ cộng đồng nơi tôi đã sinh sống hơn 25 năm ”.<br/></p><hr/></div>', '<div><div><b>Mission Statement</b></div><span class="fontstyle2">The Hulani Harbor Neighborhood Association (HHNA) is a self-governing organization that strives to promote a safe, vibrant, and enjoyable community for all. Members live in the Hulani Harbor area and are committed to the following goals:<br/>1. Ensuring that the Hulani Harbor area maintains a range of housing types and<br/>price levels<br/>2. Preserving the architectural character of historic homes<br/>3. Planning seasonal gatherings and events for residents<br/>4. Promoting open discussion of local issues and initiatives</span><br/> <hr/><p>*NOTICE*</p><p><b>The Hulani Harbor Neighborhood Association Quarterly Meeting</b></p><p>Scheduled for Thursday, April 20, at 7:00 p.m.</p><p><u>New topics added to the meeting agenda:</u></p><p>• The Chenaux Company seeks rezoning for 3912 Bennett Avenue, a residential structure built in 1909. The company is requesting that the property be approved for commercial use, after which the house would be completely remodeled. We invite residents to attend the city council meeting on Monday, April 17, to learn more about the company’s request and then be prepared to discuss further at the HHNA meeting on Thursday evening.</p><p>• The leadership committee for the Brazoria Creek sector announces a position opening. Duties include serving as point of contact for residents, distributing the monthly newsletter, and sharing information with other leaders of the HHNA. Individuals who are interested in representing Brazoria Creek will each be asked to speak briefly before a vote will take place.</p><hr/><p>*ANNOUNCEMENT*</p><p>The HHNA is pleased to announce that Elena Redman has been selected as the next representative to the HHNA for the Brazoria Creek sector. Ms. Redman has held various roles in local public interest organizations. She stated, “Although I am retired  professionally, the focus of my career has been supporting people and communities through advocacy and education. I look forward to helping the community where I have been living for over 25 years."<br/></p><hr/></div>', 1, '2025-05-20 21:47:03', '2025-05-20 21:47:03');
INSERT INTO questions (question, question_number, explanation, A, B, C, D, correct_answer, question_group_id, created_at, updated_at) VALUES ('What does the HHNA indicate in the mission statement?', 196, '<p><b>Dịch đáp án:</b></p><p><span>HHNA chỉ ra điều gì trong tuyên bố sứ mệnh?</span></p><p><span>A. Đây là một nhóm hoạt động độc lập</span></p><p><span>B. Nó được hình thành gần đây</span></p><p><span>C. Đó là lời khuyên của quan chức thành phố</span></p><p><span>D. Nó tính phí thành viên miễn phí</span></p>', 'It is an independently run group', 'It was formed recently', 'It is advised by city officials', 'It charges membership frees', 'A', 103, '2025-05-20 21:47:03', '2025-05-20 21:47:03');
INSERT INTO questions (question, question_number, explanation, A, B, C, D, correct_answer, question_group_id, created_at, updated_at) VALUES ('Why are residents encouraged to attend a meeting on Monday, April 17?', 197, '<p><b>Dịch đáp án:</b></p><p><span>Tại sao người dân được khuyến khích tham dự cuộc họp vào Thứ Hai, ngày 17 tháng 4?</span></p><p><span>A. Được đào tạo về nói trước công chúng</span></p><p><span>B. Để thể hiện sự ủng hộ đối với một số chính trị gia thành phố</span></p><p><span>C. Để có được thông tin về đề xuất quy hoạch</span></p><p><span>D. Gặp vài người hàng xóm mới</span></p>', 'To receive training in public speaking', 'To show support for some city politicians', 'To get information about a zoning proposal', 'To meet some new neighbors', 'C', 103, '2025-05-20 21:47:03', '2025-05-20 21:47:03');
INSERT INTO questions (question, question_number, explanation, A, B, C, D, correct_answer, question_group_id, created_at, updated_at) VALUES ('What HHNA goal is most likely being challenged by the Chenaux Company?', 198, '<p><b>Dịch đáp án:</b></p><p><span>Mục tiêu HHNA nào có nhiều khả năng bị Công ty Chenaux thách thức nhất?</span></p><p><span>A. Mục tiêu 1</span></p><p><span>B. Mục tiêu 2</span></p><p><span>C. Mục tiêu 3</span></p><p><span>D. Mục tiêu 4</span></p>', 'Goal 1', 'Goal 2', 'Goal 3', 'Goal 4', 'B', 103, '2025-05-20 21:47:03', '2025-05-20 21:47:03');
INSERT INTO questions (question, question_number, explanation, A, B, C, D, correct_answer, question_group_id, created_at, updated_at) VALUES ('What is suggested about Ms. Redman?', 199, '<p><b>Dịch đáp án:</b></p><p><span>Điều gì được gợi ý về cô Redman?</span></p><p><span>A. Cô ấy đã phát biểu tại một cuộc họp vào tháng Tư</span></p><p><span>B. Cô ấy sở hữu một doanh nghiệp ở cảng Hulani</span></p><p><span>C. Cô ấy chịu trách nhiệm phân phát chương trình họp</span></p><p><span>D. Cô ấy viết bài cho một bản tin</span></p>', 'She spoke at a meeting in April', 'She owned a business in Hulani Harbor', 'She is responsible for distributing the meeting agendas', 'She writes articles for a newsletter', 'A', 103, '2025-05-20 21:47:03', '2025-05-20 21:47:03');
INSERT INTO questions (question, question_number, explanation, A, B, C, D, correct_answer, question_group_id, created_at, updated_at) VALUES ('What does Ms. Redman suggest qualifies her for the representative position?', 200, '<p><b>Dịch đáp án:</b></p><p><span>Cô Redman gợi ý điều gì khiến cô đủ tiêu chuẩn cho vị trí đại diện?</span></p><p><span>A. Bằng đại học của cô ấy</span></p><p><span>B. Những ý tưởng lãnh đạo mới mẻ của cô ấy</span></p><p><span>C. Nhận thức của cô ấy về các vấn đề quốc gia</span></p><p><span>D. Kinh nghiệm của cô trong việc hỗ trợ các nhóm địa phương</span></p>', 'Her university degree', 'Her fresh leadership ideas', 'Her awareness of national issues', 'Her experience in supporting local groups', 'D', 103, '2025-05-20 21:47:03', '2025-05-20 21:47:03');